Path,Size_Bytes,Type,Description,Recommended_Action
memory_server.py.bak_20260914_1755,37276,Local Code/Config Backup,Pre-modification safety backup created according to Rule 11,Archive or purge after external validation approval
sd_server.py.bak_20260901_1818,25069,Local Code/Config Backup,Pre-modification safety backup created according to Rule 11,Archive or purge after external validation approval
sd_server.py.bak_20260903_1904,26213,Local Code/Config Backup,Pre-modification safety backup created according to Rule 11,Archive or purge after external validation approval
sd_server.py.bak_20260912_2307,30227,Local Code/Config Backup,Pre-modification safety backup created according to Rule 11,Archive or purge after external validation approval
sd_server.py.bak_20260914_1751,30742,Local Code/Config Backup,Pre-modification safety backup created according to Rule 11,Archive or purge after external validation approval
assets/models/image_model_catalog.json.bak_20260912_2307,16001,Local Code/Config Backup,Pre-modification safety backup created according to Rule 11,Archive or purge after external validation approval
assets/models/image_model_catalog.json.bak_20260912_2357,22763,Local Code/Config Backup,Pre-modification safety backup created according to Rule 11,Archive or purge after external validation approval
assets/models/model_allowlist.json.bak_20260901_2115,9503,Local Code/Config Backup,Pre-modification safety backup created according to Rule 11,Archive or purge after external validation approval
backups/llm_service.dart.bak,8537,Local Code/Config Backup,Pre-modification safety backup created according to Rule 11,Archive or purge after external validation approval
backups/MainActivity.kt.bak,40902,Local Code/Config Backup,Pre-modification safety backup created according to Rule 11,Archive or purge after external validation approval
bin/test_yt.dart.bak_20260831_1134,1140,Local Code/Config Backup,Pre-modification safety backup created according to Rule 11,Archive or purge after external validation approval
data/config/image_model_catalog.json.bak_20260912_2307,16001,Local Code/Config Backup,Pre-modification safety backup created according to Rule 11,Archive or purge after external validation approval
data/config/image_model_catalog.json.bak_20260912_2357,22763,Local Code/Config Backup,Pre-modification safety backup created according to Rule 11,Archive or purge after external validation approval
lib/main.dart.bak,39073,Local Code/Config Backup,Pre-modification safety backup created according to Rule 11,Archive or purge after external validation approval
lib/main.dart.bak_20260901_2056,41912,Local Code/Config Backup,Pre-modification safety backup created according to Rule 11,Archive or purge after external validation approval
lib/main.dart.bak_20260906_2122,42571,Local Code/Config Backup,Pre-modification safety backup created according to Rule 11,Archive or purge after external validation approval
lib/main.dart.bak_20260907_1029,42771,Local Code/Config Backup,Pre-modification safety backup created according to Rule 11,Archive or purge after external validation approval
lib/main.dart.bak_20260907_1353,42850,Local Code/Config Backup,Pre-modification safety backup created according to Rule 11,Archive or purge after external validation approval
lib/main.dart.bak_20260908_0746,42872,Local Code/Config Backup,Pre-modification safety backup created according to Rule 11,Archive or purge after external validation approval
lib/models/audiobook_models.dart.bak_20260831_1041,17131,Local Code/Config Backup,Pre-modification safety backup created according to Rule 11,Archive or purge after external validation approval
lib/models/audiobook_models.dart.bak_20260913_0751,17677,Local Code/Config Backup,Pre-modification safety backup created according to Rule 11,Archive or purge after external validation approval
lib/models/audiobook_rules.dart.bak_20260831_1041,9546,Local Code/Config Backup,Pre-modification safety backup created according to Rule 11,Archive or purge after external validation approval
lib/models/hardware_profile.dart.bak_20260907_1336,14391,Local Code/Config Backup,Pre-modification safety backup created according to Rule 11,Archive or purge after external validation approval
lib/models/hardware_profile.dart.bak_20260907_1507,18144,Local Code/Config Backup,Pre-modification safety backup created according to Rule 11,Archive or purge after external validation approval
lib/models/image_model_catalog.dart.bak_20260908_0746,18380,Local Code/Config Backup,Pre-modification safety backup created according to Rule 11,Archive or purge after external validation approval
lib/models/image_model_catalog.dart.bak_20260908_120434,18380,Local Code/Config Backup,Pre-modification safety backup created according to Rule 11,Archive or purge after external validation approval
lib/models/web_media_models.dart.bak_20260913_2235,8834,Local Code/Config Backup,Pre-modification safety backup created according to Rule 11,Archive or purge after external validation approval
lib/providers/synthesize_screen_provider.dart.bak_20260910_2145,10727,Local Code/Config Backup,Pre-modification safety backup created according to Rule 11,Archive or purge after external validation approval
lib/screens/about_screen.dart.bak_20260914_2235,7446,Local Code/Config Backup,Pre-modification safety backup created according to Rule 11,Archive or purge after external validation approval
lib/screens/ai_conversations_screen.dart.bak_20260826_2344,30253,Local Code/Config Backup,Pre-modification safety backup created according to Rule 11,Archive or purge after external validation approval
lib/screens/ai_conversations_screen.dart.bak_20260831_1041,30253,Local Code/Config Backup,Pre-modification safety backup created according to Rule 11,Archive or purge after external validation approval
lib/screens/ai_conversations_screen.dart.bak_20260831_1849,30956,Local Code/Config Backup,Pre-modification safety backup created according to Rule 11,Archive or purge after external validation approval
lib/screens/image_models_screen.dart.bak_,34853,Local Code/Config Backup,Pre-modification safety backup created according to Rule 11,Archive or purge after external validation approval
lib/screens/image_models_screen.dart.bak_20260908_083826,34853,Local Code/Config Backup,Pre-modification safety backup created according to Rule 11,Archive or purge after external validation approval
lib/screens/image_models_screen.dart.bak_20260908_084213,35024,Local Code/Config Backup,Pre-modification safety backup created according to Rule 11,Archive or purge after external validation approval
lib/screens/image_models_screen.dart.bak_20260908_100454,35795,Local Code/Config Backup,Pre-modification safety backup created according to Rule 11,Archive or purge after external validation approval
lib/screens/image_models_screen.dart.bak_20260908_120434,36470,Local Code/Config Backup,Pre-modification safety backup created according to Rule 11,Archive or purge after external validation approval
lib/screens/image_models_screen.dart.bak_20260908_1237,38101,Local Code/Config Backup,Pre-modification safety backup created according to Rule 11,Archive or purge after external validation approval
lib/screens/image_models_screen.dart.bak_20260908_1407,38209,Local Code/Config Backup,Pre-modification safety backup created according to Rule 11,Archive or purge after external validation approval
lib/screens/model_management_screen.dart.bak_20260908_0746,52046,Local Code/Config Backup,Pre-modification safety backup created according to Rule 11,Archive or purge after external validation approval
lib/screens/settings_screen.dart.bak_20260906_2122,60034,Local Code/Config Backup,Pre-modification safety backup created according to Rule 11,Archive or purge after external validation approval
lib/screens/settings_screen.dart.bak_20260908_0746,60494,Local Code/Config Backup,Pre-modification safety backup created according to Rule 11,Archive or purge after external validation approval
lib/screens/settings_screen.dart.bak_20260914_2235,60794,Local Code/Config Backup,Pre-modification safety backup created according to Rule 11,Archive or purge after external validation approval
lib/screens/synthesize_screen.dart.bak_20260831_1041,70574,Local Code/Config Backup,Pre-modification safety backup created according to Rule 11,Archive or purge after external validation approval
lib/screens/synthesize_screen.dart.bak_20260910_2145,70555,Local Code/Config Backup,Pre-modification safety backup created according to Rule 11,Archive or purge after external validation approval
lib/screens/synthesize_screen.dart.bak_20260910_2203,79214,Local Code/Config Backup,Pre-modification safety backup created according to Rule 11,Archive or purge after external validation approval
lib/screens/synthesize_screen.dart.bak_20260911_1030,82081,Local Code/Config Backup,Pre-modification safety backup created according to Rule 11,Archive or purge after external validation approval
lib/screens/synthesize_screen.dart.bak_20260911_1207,82719,Local Code/Config Backup,Pre-modification safety backup created according to Rule 11,Archive or purge after external validation approval
lib/screens/synthesize_screen.dart.bak_20260911_2003,82788,Local Code/Config Backup,Pre-modification safety backup created according to Rule 11,Archive or purge after external validation approval
lib/screens/transcription_screen.dart.bak,156690,Local Code/Config Backup,Pre-modification safety backup created according to Rule 11,Archive or purge after external validation approval
lib/screens/transcription_screen.dart.bak_20260913_2033,164293,Local Code/Config Backup,Pre-modification safety backup created according to Rule 11,Archive or purge after external validation approval
lib/screens/voice_bake_screen.dart.bak_20260901_2253,14216,Local Code/Config Backup,Pre-modification safety backup created according to Rule 11,Archive or purge after external validation approval
lib/services/ai_conversations_service.dart.bak_20260906_1717,29839,Local Code/Config Backup,Pre-modification safety backup created according to Rule 11,Archive or purge after external validation approval
lib/services/ai_conversations_service.dart.bak_20260906_1801,30693,Local Code/Config Backup,Pre-modification safety backup created according to Rule 11,Archive or purge after external validation approval
lib/services/ai_conversations_service.dart.bak_20260914_1807,31732,Local Code/Config Backup,Pre-modification safety backup created according to Rule 11,Archive or purge after external validation approval
lib/services/ai_knowledge_service.dart.bak_20260914_1807,8748,Local Code/Config Backup,Pre-modification safety backup created according to Rule 11,Archive or purge after external validation approval
lib/services/audiobook_service.dart.bak_,169993,Local Code/Config Backup,Pre-modification safety backup created according to Rule 11,Archive or purge after external validation approval
lib/services/audiobook_service.dart.bak_20260831_1041,48101,Local Code/Config Backup,Pre-modification safety backup created according to Rule 11,Archive or purge after external validation approval
lib/services/audiobook_service.dart.bak_20260911_1103,169993,Local Code/Config Backup,Pre-modification safety backup created according to Rule 11,Archive or purge after external validation approval
lib/services/audiobook_service.dart.bak_20260911_1207,174611,Local Code/Config Backup,Pre-modification safety backup created according to Rule 11,Archive or purge after external validation approval
lib/services/audio_service.dart.bak_20260913_2033,25949,Local Code/Config Backup,Pre-modification safety backup created according to Rule 11,Archive or purge after external validation approval
lib/services/batch_persistence_service.dart.bak_20260914_1807,14057,Local Code/Config Backup,Pre-modification safety backup created according to Rule 11,Archive or purge after external validation approval
lib/services/batch_queue_service.dart.bak_20260831_1648,20162,Local Code/Config Backup,Pre-modification safety backup created according to Rule 11,Archive or purge after external validation approval
lib/services/cloud_llm_cleanup_service.dart.bak_20260914_2235,7682,Local Code/Config Backup,Pre-modification safety backup created according to Rule 11,Archive or purge after external validation approval
lib/services/document_rag_service.dart.bak_20260902_1148,28545,Local Code/Config Backup,Pre-modification safety backup created according to Rule 11,Archive or purge after external validation approval
lib/services/document_rag_service.dart.bak_20260902_1745,39229,Local Code/Config Backup,Pre-modification safety backup created according to Rule 11,Archive or purge after external validation approval
lib/services/document_rag_service.dart.bak_20260902_2226,41423,Local Code/Config Backup,Pre-modification safety backup created according to Rule 11,Archive or purge after external validation approval
lib/services/embedding_provider.dart.bak_20260902_1745,7251,Local Code/Config Backup,Pre-modification safety backup created according to Rule 11,Archive or purge after external validation approval
lib/services/hardware_advisor_service.dart.bak_20260907_1029,25758,Local Code/Config Backup,Pre-modification safety backup created according to Rule 11,Archive or purge after external validation approval
lib/services/hardware_advisor_service.dart.bak_20260907_1336,27774,Local Code/Config Backup,Pre-modification safety backup created according to Rule 11,Archive or purge after external validation approval
lib/services/hardware_advisor_service.dart.bak_20260907_1507,39328,Local Code/Config Backup,Pre-modification safety backup created according to Rule 11,Archive or purge after external validation approval
lib/services/history_service.dart.bak_20260914_1807,20619,Local Code/Config Backup,Pre-modification safety backup created according to Rule 11,Archive or purge after external validation approval
lib/services/image_model_catalog_service.dart.bak_20260908_0746,10551,Local Code/Config Backup,Pre-modification safety backup created according to Rule 11,Archive or purge after external validation approval
lib/services/image_model_catalog_service.dart.bak_20260908_120434,10551,Local Code/Config Backup,Pre-modification safety backup created according to Rule 11,Archive or purge after external validation approval
lib/services/image_model_installer_service.dart.bak_20260907_2017,14469,Local Code/Config Backup,Pre-modification safety backup created according to Rule 11,Archive or purge after external validation approval
lib/services/image_model_installer_service.dart.bak_20260907_2050,15467,Local Code/Config Backup,Pre-modification safety backup created according to Rule 11,Archive or purge after external validation approval
lib/services/image_model_installer_service.dart.bak_20260908_0746,17470,Local Code/Config Backup,Pre-modification safety backup created according to Rule 11,Archive or purge after external validation approval
lib/services/image_model_install_planner.dart.bak_20260908_0746,5327,Local Code/Config Backup,Pre-modification safety backup created according to Rule 11,Archive or purge after external validation approval
lib/services/image_model_install_planner.dart.bak_20260908_120434,5327,Local Code/Config Backup,Pre-modification safety backup created according to Rule 11,Archive or purge after external validation approval
lib/services/imported_voice_service.dart.bak_20260910_2149,8604,Local Code/Config Backup,Pre-modification safety backup created according to Rule 11,Archive or purge after external validation approval
lib/services/imported_voice_service.dart.bak_20260911_1030,8562,Local Code/Config Backup,Pre-modification safety backup created according to Rule 11,Archive or purge after external validation approval
lib/services/imported_voice_service.dart.bak_20260911_1207,8886,Local Code/Config Backup,Pre-modification safety backup created according to Rule 11,Archive or purge after external validation approval
lib/services/litert_model_registry.dart.bak_20260914_2034,24465,Local Code/Config Backup,Pre-modification safety backup created according to Rule 11,Archive or purge after external validation approval
lib/services/llm_service.dart.bak_,40004,Local Code/Config Backup,Pre-modification safety backup created according to Rule 11,Archive or purge after external validation approval
lib/services/llm_service.dart.bak_20260831_2005,25862,Local Code/Config Backup,Pre-modification safety backup created according to Rule 11,Archive or purge after external validation approval
lib/services/llm_service.dart.bak_20260831_2041,37063,Local Code/Config Backup,Pre-modification safety backup created according to Rule 11,Archive or purge after external validation approval
lib/services/llm_service.dart.bak_20260831_2228,37890,Local Code/Config Backup,Pre-modification safety backup created according to Rule 11,Archive or purge after external validation approval
lib/services/llm_service.dart.bak_20260901_1127,38259,Local Code/Config Backup,Pre-modification safety backup created according to Rule 11,Archive or purge after external validation approval
lib/services/llm_service.dart.bak_20260903_0920,39397,Local Code/Config Backup,Pre-modification safety backup created according to Rule 11,Archive or purge after external validation approval
lib/services/llm_service.dart.bak_20260913_0903,40004,Local Code/Config Backup,Pre-modification safety backup created according to Rule 11,Archive or purge after external validation approval
lib/services/llm_service.dart.bak_20260913_0944,46153,Local Code/Config Backup,Pre-modification safety backup created according to Rule 11,Archive or purge after external validation approval
lib/services/llm_service.dart.bak_20260914_2034,52629,Local Code/Config Backup,Pre-modification safety backup created according to Rule 11,Archive or purge after external validation approval
lib/services/mcp_tools_service.dart.bak_20260901_1924,42115,Local Code/Config Backup,Pre-modification safety backup created according to Rule 11,Archive or purge after external validation approval
lib/services/mcp_tools_service.dart.bak_20260902_2306,42778,Local Code/Config Backup,Pre-modification safety backup created according to Rule 11,Archive or purge after external validation approval
lib/services/mcp_tools_service.dart.bak_20260902_2315,42821,Local Code/Config Backup,Pre-modification safety backup created according to Rule 11,Archive or purge after external validation approval
lib/services/mcp_tools_service.dart.bak_20260903_0848,42821,Local Code/Config Backup,Pre-modification safety backup created according to Rule 11,Archive or purge after external validation approval
lib/services/mcp_tools_service.dart.bak_20260903_0920,45030,Local Code/Config Backup,Pre-modification safety backup created according to Rule 11,Archive or purge after external validation approval
lib/services/mcp_tools_service.dart.bak_20260903_1138,46587,Local Code/Config Backup,Pre-modification safety backup created according to Rule 11,Archive or purge after external validation approval
lib/services/mcp_tools_service.dart.bak_20260913_1829,69012,Local Code/Config Backup,Pre-modification safety backup created according to Rule 11,Archive or purge after external validation approval
lib/services/mcp_tools_service.dart.bak_20260914_1947,69137,Local Code/Config Backup,Pre-modification safety backup created according to Rule 11,Archive or purge after external validation approval
lib/services/mcp_tools_service.dart.bak_20260914_2221,73390,Local Code/Config Backup,Pre-modification safety backup created according to Rule 11,Archive or purge after external validation approval
lib/services/memory_server_manager.dart.bak_20260914_1755,13576,Local Code/Config Backup,Pre-modification safety backup created according to Rule 11,Archive or purge after external validation approval
lib/services/prompt_library_service.dart.bak_20260914_1807,12284,Local Code/Config Backup,Pre-modification safety backup created according to Rule 11,Archive or purge after external validation approval
lib/services/settings_service.dart.bak_20260901_1849,57768,Local Code/Config Backup,Pre-modification safety backup created according to Rule 11,Archive or purge after external validation approval
lib/services/settings_service.dart.bak_20260902_1148,58029,Local Code/Config Backup,Pre-modification safety backup created according to Rule 11,Archive or purge after external validation approval
lib/services/settings_service.dart.bak_20260908_0746,59796,Local Code/Config Backup,Pre-modification safety backup created according to Rule 11,Archive or purge after external validation approval
lib/services/settings_service.dart.bak_20260911_0928,59796,Local Code/Config Backup,Pre-modification safety backup created according to Rule 11,Archive or purge after external validation approval
lib/services/settings_service.dart.bak_20260913_2030,61661,Local Code/Config Backup,Pre-modification safety backup created according to Rule 11,Archive or purge after external validation approval
lib/services/tts_service.dart.bak_20260910_2143,42575,Local Code/Config Backup,Pre-modification safety backup created according to Rule 11,Archive or purge after external validation approval
lib/services/tts_service.dart.bak_20260911_1030,43091,Local Code/Config Backup,Pre-modification safety backup created according to Rule 11,Archive or purge after external validation approval
lib/services/voice_baking_service.dart.bak_20260831_1043,8162,Local Code/Config Backup,Pre-modification safety backup created according to Rule 11,Archive or purge after external validation approval
lib/services/voice_baking_service.dart.bak_20260901_2253,8197,Local Code/Config Backup,Pre-modification safety backup created according to Rule 11,Archive or purge after external validation approval
lib/services/voice_pack_inspector.dart.bak_20260910_2149,10688,Local Code/Config Backup,Pre-modification safety backup created according to Rule 11,Archive or purge after external validation approval
lib/services/voice_pack_inspector.dart.bak_20260911_2003,10697,Local Code/Config Backup,Pre-modification safety backup created according to Rule 11,Archive or purge after external validation approval
lib/services/web_media_service.dart.bak_20260913_2034,25390,Local Code/Config Backup,Pre-modification safety backup created according to Rule 11,Archive or purge after external validation approval
lib/services/web_media_service.dart.bak_20260913_2235,25581,Local Code/Config Backup,Pre-modification safety backup created according to Rule 11,Archive or purge after external validation approval
lib/services/web_media_service.dart.bak_20260913_2255,28847,Local Code/Config Backup,Pre-modification safety backup created according to Rule 11,Archive or purge after external validation approval
lib/services/web_media_service.dart.bak_20260914_2050,28712,Local Code/Config Backup,Pre-modification safety backup created according to Rule 11,Archive or purge after external validation approval
lib/services/web_media_service.dart.bak_20260914_2217,31746,Local Code/Config Backup,Pre-modification safety backup created according to Rule 11,Archive or purge after external validation approval
lib/utils/app_paths.dart.bak_20260831_1625,6819,Local Code/Config Backup,Pre-modification safety backup created according to Rule 11,Archive or purge after external validation approval
lib/utils/app_paths.dart.bak_20260907_1928,7984,Local Code/Config Backup,Pre-modification safety backup created according to Rule 11,Archive or purge after external validation approval
lib/utils/app_paths.dart.bak_20260908_0746,8179,Local Code/Config Backup,Pre-modification safety backup created according to Rule 11,Archive or purge after external validation approval
lib/utils/app_paths.dart.bak_20260910_2141,8179,Local Code/Config Backup,Pre-modification safety backup created according to Rule 11,Archive or purge after external validation approval
lib/utils/portable_preferences.dart.bak_20260831_1153,10836,Local Code/Config Backup,Pre-modification safety backup created according to Rule 11,Archive or purge after external validation approval
lib/utils/portable_preferences.dart.bak_20260911_0928,12338,Local Code/Config Backup,Pre-modification safety backup created according to Rule 11,Archive or purge after external validation approval
lib/utils/portable_preferences.dart.bak_20260914_1759,13015,Local Code/Config Backup,Pre-modification safety backup created according to Rule 11,Archive or purge after external validation approval
lib/widgets/ai_knowledge_dialog.dart.bak_20260831_1849,29862,Local Code/Config Backup,Pre-modification safety backup created according to Rule 11,Archive or purge after external validation approval
lib/widgets/audiobook_export_dialog.dart.bak_20260831_1041,10747,Local Code/Config Backup,Pre-modification safety backup created according to Rule 11,Archive or purge after external validation approval
lib/widgets/audiobook_studio_widget.dart.bak_,126589,Local Code/Config Backup,Pre-modification safety backup created according to Rule 11,Archive or purge after external validation approval
lib/widgets/audiobook_studio_widget.dart.bak_20260911_1103,126589,Local Code/Config Backup,Pre-modification safety backup created according to Rule 11,Archive or purge after external validation approval
lib/widgets/audiobook_studio_widget.dart.bak_20260911_1207,137731,Local Code/Config Backup,Pre-modification safety backup created according to Rule 11,Archive or purge after external validation approval
lib/widgets/audiobook_studio_widget.dart.bak_20260911_1240,138607,Local Code/Config Backup,Pre-modification safety backup created according to Rule 11,Archive or purge after external validation approval
lib/widgets/audiobook_studio_widget.dart.bak_20260911_2003,138974,Local Code/Config Backup,Pre-modification safety backup created according to Rule 11,Archive or purge after external validation approval
lib/widgets/audiobook_studio_widget.dart.bak_20260913_0751,140617,Local Code/Config Backup,Pre-modification safety backup created according to Rule 11,Archive or purge after external validation approval
lib/widgets/document_chat_widget.dart.bak_20260826_0746,148221,Local Code/Config Backup,Pre-modification safety backup created according to Rule 11,Archive or purge after external validation approval
lib/widgets/document_chat_widget.dart.bak_20260826_2344,157398,Local Code/Config Backup,Pre-modification safety backup created according to Rule 11,Archive or purge after external validation approval
lib/widgets/document_chat_widget.dart.bak_20260827_0051,154917,Local Code/Config Backup,Pre-modification safety backup created according to Rule 11,Archive or purge after external validation approval
lib/widgets/document_chat_widget.dart.bak_20260831_1041,159985,Local Code/Config Backup,Pre-modification safety backup created according to Rule 11,Archive or purge after external validation approval
lib/widgets/document_chat_widget.dart.bak_20260831_1849,163777,Local Code/Config Backup,Pre-modification safety backup created according to Rule 11,Archive or purge after external validation approval
lib/widgets/document_chat_widget.dart.bak_20260831_2005,163878,Local Code/Config Backup,Pre-modification safety backup created according to Rule 11,Archive or purge after external validation approval
lib/widgets/document_chat_widget.dart.bak_20260831_2041,163878,Local Code/Config Backup,Pre-modification safety backup created according to Rule 11,Archive or purge after external validation approval
lib/widgets/document_chat_widget.dart.bak_20260901_1142,165877,Local Code/Config Backup,Pre-modification safety backup created according to Rule 11,Archive or purge after external validation approval
lib/widgets/document_chat_widget.dart.bak_20260901_1852,167757,Local Code/Config Backup,Pre-modification safety backup created according to Rule 11,Archive or purge after external validation approval
lib/widgets/document_chat_widget.dart.bak_20260901_2056,168950,Local Code/Config Backup,Pre-modification safety backup created according to Rule 11,Archive or purge after external validation approval
lib/widgets/document_chat_widget.dart.bak_20260902_1148,171644,Local Code/Config Backup,Pre-modification safety backup created according to Rule 11,Archive or purge after external validation approval
lib/widgets/document_chat_widget.dart.bak_20260902_1745,174053,Local Code/Config Backup,Pre-modification safety backup created according to Rule 11,Archive or purge after external validation approval
lib/widgets/document_chat_widget.dart.bak_20260902_2226,175405,Local Code/Config Backup,Pre-modification safety backup created according to Rule 11,Archive or purge after external validation approval
lib/widgets/document_chat_widget.dart.bak_20260902_2306,175839,Local Code/Config Backup,Pre-modification safety backup created according to Rule 11,Archive or purge after external validation approval
lib/widgets/document_chat_widget.dart.bak_20260902_2315,181963,Local Code/Config Backup,Pre-modification safety backup created according to Rule 11,Archive or purge after external validation approval
lib/widgets/document_chat_widget.dart.bak_20260903_0848,182754,Local Code/Config Backup,Pre-modification safety backup created according to Rule 11,Archive or purge after external validation approval
lib/widgets/document_chat_widget.dart.bak_20260903_0920,185193,Local Code/Config Backup,Pre-modification safety backup created according to Rule 11,Archive or purge after external validation approval
lib/widgets/document_chat_widget.dart.bak_20260903_1138,185799,Local Code/Config Backup,Pre-modification safety backup created according to Rule 11,Archive or purge after external validation approval
lib/widgets/document_chat_widget.dart.bak_20260903_1203,187086,Local Code/Config Backup,Pre-modification safety backup created according to Rule 11,Archive or purge after external validation approval
lib/widgets/document_chat_widget.dart.bak_20260913_0944,188472,Local Code/Config Backup,Pre-modification safety backup created according to Rule 11,Archive or purge after external validation approval
lib/widgets/document_chat_widget.dart.bak_20260913_2033,188066,Local Code/Config Backup,Pre-modification safety backup created according to Rule 11,Archive or purge after external validation approval
lib/widgets/document_chat_widget.dart.bak_20260914_2235,189922,Local Code/Config Backup,Pre-modification safety backup created according to Rule 11,Archive or purge after external validation approval
lib/widgets/document_chat_widget.dart.bak_broken_20260826_2351,157835,Local Code/Config Backup,Pre-modification safety backup created according to Rule 11,Archive or purge after external validation approval
lib/widgets/hardware_diagnostic_dialog.dart.bak_20260907_1029,11836,Local Code/Config Backup,Pre-modification safety backup created according to Rule 11,Archive or purge after external validation approval
lib/widgets/hardware_diagnostic_dialog.dart.bak_20260907_1336,13492,Local Code/Config Backup,Pre-modification safety backup created according to Rule 11,Archive or purge after external validation approval
lib/widgets/hardware_diagnostic_dialog.dart.bak_20260907_1507,16619,Local Code/Config Backup,Pre-modification safety backup created according to Rule 11,Archive or purge after external validation approval
lib/widgets/inpaint_editor_dialog.dart.bak_20260901_1818,42447,Local Code/Config Backup,Pre-modification safety backup created according to Rule 11,Archive or purge after external validation approval
lib/widgets/llm_chat_widget.dart.bak_20260826_2344,34709,Local Code/Config Backup,Pre-modification safety backup created according to Rule 11,Archive or purge after external validation approval
lib/widgets/llm_chat_widget.dart.bak_20260831_1849,34709,Local Code/Config Backup,Pre-modification safety backup created according to Rule 11,Archive or purge after external validation approval
lib/widgets/llm_chat_widget.dart.bak_20260831_2005,34846,Local Code/Config Backup,Pre-modification safety backup created according to Rule 11,Archive or purge after external validation approval
lib/widgets/llm_chat_widget.dart.bak_20260831_2041,34846,Local Code/Config Backup,Pre-modification safety backup created according to Rule 11,Archive or purge after external validation approval
lib/widgets/llm_settings_dialog.dart.bak_,171357,Local Code/Config Backup,Pre-modification safety backup created according to Rule 11,Archive or purge after external validation approval
lib/widgets/llm_settings_dialog.dart.bak_20260901_1146,146188,Local Code/Config Backup,Pre-modification safety backup created according to Rule 11,Archive or purge after external validation approval
lib/widgets/llm_settings_dialog.dart.bak_20260902_1148,148484,Local Code/Config Backup,Pre-modification safety backup created according to Rule 11,Archive or purge after external validation approval
lib/widgets/llm_settings_dialog.dart.bak_20260902_2153,155225,Local Code/Config Backup,Pre-modification safety backup created according to Rule 11,Archive or purge after external validation approval
lib/widgets/llm_settings_dialog.dart.bak_20260903_0920,165631,Local Code/Config Backup,Pre-modification safety backup created according to Rule 11,Archive or purge after external validation approval
lib/widgets/llm_settings_dialog.dart.bak_20260913_0903,171357,Local Code/Config Backup,Pre-modification safety backup created according to Rule 11,Archive or purge after external validation approval
lib/widgets/mcp_library_dialog.dart.bak_20260831_1041,29700,Local Code/Config Backup,Pre-modification safety backup created according to Rule 11,Archive or purge after external validation approval
lib/widgets/multi_image_edit_widget.dart.bak_20260913_1904,31189,Local Code/Config Backup,Pre-modification safety backup created according to Rule 11,Archive or purge after external validation approval
lib/widgets/multi_image_edit_widget.dart.bak_20260913_1935,38559,Local Code/Config Backup,Pre-modification safety backup created according to Rule 11,Archive or purge after external validation approval
lib/widgets/rag_library_dialog.dart.bak_20260902_2226,31244,Local Code/Config Backup,Pre-modification safety backup created according to Rule 11,Archive or purge after external validation approval
lib/widgets/transcription_output_widget.dart.bak,76227,Local Code/Config Backup,Pre-modification safety backup created according to Rule 11,Archive or purge after external validation approval
lib/widgets/transcription_output_widget.dart.bak_20260913_1822,82000,Local Code/Config Backup,Pre-modification safety backup created according to Rule 11,Archive or purge after external validation approval
lib/widgets/transcription_output_widget.dart.bak_20260914_2235,82150,Local Code/Config Backup,Pre-modification safety backup created according to Rule 11,Archive or purge after external validation approval
lib/widgets/voice_tuning_dialog.dart.bak_20260911_1240,36174,Local Code/Config Backup,Pre-modification safety backup created according to Rule 11,Archive or purge after external validation approval
lib/widgets/web_media_import_dialog.dart.bak_20260913_2235,31551,Local Code/Config Backup,Pre-modification safety backup created according to Rule 11,Archive or purge after external validation approval
scripts/bundle_litert_runtime.ps1.bak_20260831_2041,16790,Local Code/Config Backup,Pre-modification safety backup created according to Rule 11,Archive or purge after external validation approval
scripts/bundle_windows_dlls.ps1.bak_20260901_0856,8991,Local Code/Config Backup,Pre-modification safety backup created according to Rule 11,Archive or purge after external validation approval
test/ai_dialog_coherence_and_multimodal_test.dart.bak_20260831_1134,5390,Local Code/Config Backup,Pre-modification safety backup created according to Rule 11,Archive or purge after external validation approval
test/app_state_test.dart.bak_20260831_1849,5641,Local Code/Config Backup,Pre-modification safety backup created according to Rule 11,Archive or purge after external validation approval
test/assistant_documents_audit_test.dart.bak_20260831_1648,15656,Local Code/Config Backup,Pre-modification safety backup created according to Rule 11,Archive or purge after external validation approval
test/audiobook_rules_test.dart.bak_20260831_1134,4463,Local Code/Config Backup,Pre-modification safety backup created according to Rule 11,Archive or purge after external validation approval
test/audiobook_studio_test.dart.bak_20260831_1134,4831,Local Code/Config Backup,Pre-modification safety backup created according to Rule 11,Archive or purge after external validation approval
test/backend_dispatch_test.dart.bak_20260901_0833,40472,Local Code/Config Backup,Pre-modification safety backup created according to Rule 11,Archive or purge after external validation approval
test/backend_dispatch_test.dart.bak_20260901_0839,41475,Local Code/Config Backup,Pre-modification safety backup created according to Rule 11,Archive or purge after external validation approval
test/batch_grouping_test.dart.bak_20260831_1706,8563,Local Code/Config Backup,Pre-modification safety backup created according to Rule 11,Archive or purge after external validation approval
test/batch_queue_service_test.dart.bak_20260831_1659,7713,Local Code/Config Backup,Pre-modification safety backup created according to Rule 11,Archive or purge after external validation approval
test/cli_test.dart.bak_20260831_1648,2878,Local Code/Config Backup,Pre-modification safety backup created according to Rule 11,Archive or purge after external validation approval
test/cloud_llm_cleanup_service_test.dart.bak_20260914_2237,9443,Local Code/Config Backup,Pre-modification safety backup created according to Rule 11,Archive or purge after external validation approval
test/cloud_llm_providers_test.dart.bak_20260831_1134,8673,Local Code/Config Backup,Pre-modification safety backup created according to Rule 11,Archive or purge after external validation approval
test/compliance_boundaries_test.dart.bak_20260831_1625,13443,Local Code/Config Backup,Pre-modification safety backup created according to Rule 11,Archive or purge after external validation approval
test/compliance_boundaries_test.dart.bak_20260831_1849,13878,Local Code/Config Backup,Pre-modification safety backup created according to Rule 11,Archive or purge after external validation approval
test/document_chat_user_actions_widget_test.dart.bak_20260831_1134,14151,Local Code/Config Backup,Pre-modification safety backup created according to Rule 11,Archive or purge after external validation approval
test/document_chat_user_actions_widget_test.dart.bak_20260831_1625,15006,Local Code/Config Backup,Pre-modification safety backup created according to Rule 11,Archive or purge after external validation approval
test/document_rag_test.dart.bak_20260902_1148,3739,Local Code/Config Backup,Pre-modification safety backup created according to Rule 11,Archive or purge after external validation approval
test/hardware_advisor_test.dart.bak_20260907_1029,18305,Local Code/Config Backup,Pre-modification safety backup created according to Rule 11,Archive or purge after external validation approval
test/hardware_advisor_test.dart.bak_20260907_1116,21769,Local Code/Config Backup,Pre-modification safety backup created according to Rule 11,Archive or purge after external validation approval
test/hardware_advisor_test.dart.bak_20260907_1336,22572,Local Code/Config Backup,Pre-modification safety backup created according to Rule 11,Archive or purge after external validation approval
test/hardware_advisor_test.dart.bak_20260907_1507,27302,Local Code/Config Backup,Pre-modification safety backup created according to Rule 11,Archive or purge after external validation approval
test/hardware_diagnostic_ui_test.dart.bak_20260907_1029,1454,Local Code/Config Backup,Pre-modification safety backup created according to Rule 11,Archive or purge after external validation approval
test/hardware_diagnostic_ui_test.dart.bak_20260907_1116,7397,Local Code/Config Backup,Pre-modification safety backup created according to Rule 11,Archive or purge after external validation approval
test/hardware_diagnostic_ui_test.dart.bak_20260907_1336,10654,Local Code/Config Backup,Pre-modification safety backup created according to Rule 11,Archive or purge after external validation approval
test/hardware_diagnostic_ui_test.dart.bak_20260907_1507,10654,Local Code/Config Backup,Pre-modification safety backup created according to Rule 11,Archive or purge after external validation approval
test/image_models_screen_test.dart.bak_,51326,Local Code/Config Backup,Pre-modification safety backup created according to Rule 11,Archive or purge after external validation approval
test/image_models_screen_test.dart.bak_20260908_083840,19738,Local Code/Config Backup,Pre-modification safety backup created according to Rule 11,Archive or purge after external validation approval
test/image_models_screen_test.dart.bak_20260908_120434,23157,Local Code/Config Backup,Pre-modification safety backup created according to Rule 11,Archive or purge after external validation approval
test/image_models_screen_test.dart.bak_20260908_1223,38820,Local Code/Config Backup,Pre-modification safety backup created according to Rule 11,Archive or purge after external validation approval
test/image_models_screen_test.dart.bak_20260908_1408,40969,Local Code/Config Backup,Pre-modification safety backup created according to Rule 11,Archive or purge after external validation approval
test/image_models_screen_test.dart.bak_20260908_1646,46624,Local Code/Config Backup,Pre-modification safety backup created according to Rule 11,Archive or purge after external validation approval
test/image_models_screen_test.dart.bak_20260908_1742,51326,Local Code/Config Backup,Pre-modification safety backup created according to Rule 11,Archive or purge after external validation approval
test/image_model_installer_p1_test.dart.bak_20260907_2017,58748,Local Code/Config Backup,Pre-modification safety backup created according to Rule 11,Archive or purge after external validation approval
test/image_model_installer_p1_test.dart.bak_20260907_2050,62446,Local Code/Config Backup,Pre-modification safety backup created according to Rule 11,Archive or purge after external validation approval
test/image_model_installer_p1_test.dart.bak_20260908_0746,67889,Local Code/Config Backup,Pre-modification safety backup created according to Rule 11,Archive or purge after external validation approval
test/image_model_installer_p1_test.dart.bak_20260908_120434,67889,Local Code/Config Backup,Pre-modification safety backup created according to Rule 11,Archive or purge after external validation approval
test/image_model_installer_p1_test.dart.bak_20260908_1644,67889,Local Code/Config Backup,Pre-modification safety backup created according to Rule 11,Archive or purge after external validation approval
test/model_download_status_test.dart.bak_20260831_1625,10069,Local Code/Config Backup,Pre-modification safety backup created according to Rule 11,Archive or purge after external validation approval
test/model_service_probe_test.dart.bak_20260831_1153,5209,Local Code/Config Backup,Pre-modification safety backup created according to Rule 11,Archive or purge after external validation approval
test/multi_image_edit_test.dart.bak_20260913_1905,5119,Local Code/Config Backup,Pre-modification safety backup created according to Rule 11,Archive or purge after external validation approval
test/multi_image_edit_test.dart.bak_20260913_1922,5119,Local Code/Config Backup,Pre-modification safety backup created according to Rule 11,Archive or purge after external validation approval
test/multi_image_edit_test.dart.bak_20260913_1937,5929,Local Code/Config Backup,Pre-modification safety backup created according to Rule 11,Archive or purge after external validation approval
test/settings_service_test.dart.bak_20260831_1134,6738,Local Code/Config Backup,Pre-modification safety backup created according to Rule 11,Archive or purge after external validation approval
test/test_litert_stream.dart.bak_20260831_1134,1026,Local Code/Config Backup,Pre-modification safety backup created according to Rule 11,Archive or purge after external validation approval
test/test_real_scarpetta.dart.bak_20260831_1134,1300,Local Code/Config Backup,Pre-modification safety backup created according to Rule 11,Archive or purge after external validation approval
test/tts_live_investigation_test.dart.bak_20260831_1134,2259,Local Code/Config Backup,Pre-modification safety backup created according to Rule 11,Archive or purge after external validation approval
test/voice_baking_service_test.dart.bak_20260831_1625,1608,Local Code/Config Backup,Pre-modification safety backup created according to Rule 11,Archive or purge after external validation approval
test/web_media_test.dart.bak_20260913_2237,6484,Local Code/Config Backup,Pre-modification safety backup created according to Rule 11,Archive or purge after external validation approval
windows/CMakeLists.txt.bak_20260831_2005,4562,Local Code/Config Backup,Pre-modification safety backup created according to Rule 11,Archive or purge after external validation approval
windows/CMakeLists.txt.bak_20260901_2259,6749,Local Code/Config Backup,Pre-modification safety backup created according to Rule 11,Archive or purge after external validation approval
windows/CMakeLists.txt.bak_20260914_2241,10575,Local Code/Config Backup,Pre-modification safety backup created according to Rule 11,Archive or purge after external validation approval
_backups/20260823_2012_portability/lib/main.dart.bak,39073,Local Code/Config Backup,Pre-modification safety backup created according to Rule 11,Archive or purge after external validation approval
_backups/20260823_2012_portability/lib/screens/transcription_screen.dart.bak,156690,Local Code/Config Backup,Pre-modification safety backup created according to Rule 11,Archive or purge after external validation approval
_backups/20260823_2012_portability/lib/widgets/transcription_output_widget.dart.bak,76227,Local Code/Config Backup,Pre-modification safety backup created according to Rule 11,Archive or purge after external validation approval
_backups/20260823_2012_portability/lib/_backups_voice_tuning/audiobook_models.dart.bak,11481,Local Code/Config Backup,Pre-modification safety backup created according to Rule 11,Archive or purge after external validation approval
_backups/20260823_2012_portability/lib/_backups_voice_tuning/audiobook_service.dart.bak,45606,Local Code/Config Backup,Pre-modification safety backup created according to Rule 11,Archive or purge after external validation approval
_backups/20260823_2012_portability/lib/_backups_voice_tuning/audiobook_studio_widget.dart.bak,97177,Local Code/Config Backup,Pre-modification safety backup created according to Rule 11,Archive or purge after external validation approval
_backups/20260823_2012_portability/lib/_backups_voice_tuning/settings_service.dart.bak,47411,Local Code/Config Backup,Pre-modification safety backup created according to Rule 11,Archive or purge after external validation approval
_backups/20260823_2012_portability/lib/_backups_voice_tuning/tts_service.dart.bak,42142,Local Code/Config Backup,Pre-modification safety backup created according to Rule 11,Archive or purge after external validation approval
_backups/lib_backups_migrated/_backups_voice_tuning/audiobook_models.dart.bak,11481,Local Code/Config Backup,Pre-modification safety backup created according to Rule 11,Archive or purge after external validation approval
_backups/lib_backups_migrated/_backups_voice_tuning/audiobook_service.dart.bak,45606,Local Code/Config Backup,Pre-modification safety backup created according to Rule 11,Archive or purge after external validation approval
_backups/lib_backups_migrated/_backups_voice_tuning/audiobook_studio_widget.dart.bak,97177,Local Code/Config Backup,Pre-modification safety backup created according to Rule 11,Archive or purge after external validation approval
_backups/lib_backups_migrated/_backups_voice_tuning/settings_service.dart.bak,47411,Local Code/Config Backup,Pre-modification safety backup created according to Rule 11,Archive or purge after external validation approval
_backups/lib_backups_migrated/_backups_voice_tuning/tts_service.dart.bak,42142,Local Code/Config Backup,Pre-modification safety backup created according to Rule 11,Archive or purge after external validation approval
scratch/all_139_summary.txt,56966,Diagnostic / Qualification Harness Script,Automated verification test script or test fixture,Keep for regression replay audit or archive with test logs
scratch/all_85_details.txt,38546,Diagnostic / Qualification Harness Script,Automated verification test script or test fixture,Keep for regression replay audit or archive with test logs
scratch/analyze_cred_matches.py,1533,Diagnostic / Qualification Harness Script,Automated verification test script or test fixture,Keep for regression replay audit or archive with test logs
scratch/analyze_cred_matches.py.metadata.json,109,Diagnostic / Qualification Harness Script,Automated verification test script or test fixture,Keep for regression replay audit or archive with test logs
scratch/analyze_manifest_dups.py,2692,Diagnostic / Qualification Harness Script,Automated verification test script or test fixture,Keep for regression replay audit or archive with test logs
scratch/analyze_manifest_dups.py.metadata.json,145,Diagnostic / Qualification Harness Script,Automated verification test script or test fixture,Keep for regression replay audit or archive with test logs
scratch/analyze_testability.py,947,Diagnostic / Qualification Harness Script,Automated verification test script or test fixture,Keep for regression replay audit or archive with test logs
scratch/analyze_testability.py.metadata.json,103,Diagnostic / Qualification Harness Script,Automated verification test script or test fixture,Keep for regression replay audit or archive with test logs
scratch/apply_c83_final_overlay.py,2178,Diagnostic / Qualification Harness Script,Automated verification test script or test fixture,Keep for regression replay audit or archive with test logs
scratch/apply_c83_final_overlay.py.metadata.json,120,Diagnostic / Qualification Harness Script,Automated verification test script or test fixture,Keep for regression replay audit or archive with test logs
scratch/apply_c83_overlay.py,2126,Diagnostic / Qualification Harness Script,Automated verification test script or test fixture,Keep for regression replay audit or archive with test logs
scratch/apply_c83_overlay.py.metadata.json,171,Diagnostic / Qualification Harness Script,Automated verification test script or test fixture,Keep for regression replay audit or archive with test logs
scratch/apply_ext01_cleanroom.py,16391,Diagnostic / Qualification Harness Script,Automated verification test script or test fixture,Keep for regression replay audit or archive with test logs
scratch/apply_ext01_cleanroom.py.metadata.json,114,Diagnostic / Qualification Harness Script,Automated verification test script or test fixture,Keep for regression replay audit or archive with test logs
scratch/assemble_c83_ext02_p1.py,3440,Diagnostic / Qualification Harness Script,Automated verification test script or test fixture,Keep for regression replay audit or archive with test logs
scratch/assemble_c83_ext02_p1.py.metadata.json,150,Diagnostic / Qualification Harness Script,Automated verification test script or test fixture,Keep for regression replay audit or archive with test logs
scratch/assemble_c83_fast.py,3523,Diagnostic / Qualification Harness Script,Automated verification test script or test fixture,Keep for regression replay audit or archive with test logs
scratch/assemble_c83_fast.py.metadata.json,143,Diagnostic / Qualification Harness Script,Automated verification test script or test fixture,Keep for regression replay audit or archive with test logs
scratch/assemble_c83_iofinal.py,2583,Diagnostic / Qualification Harness Script,Automated verification test script or test fixture,Keep for regression replay audit or archive with test logs
scratch/assemble_c83_iofinal.py.metadata.json,125,Diagnostic / Qualification Harness Script,Automated verification test script or test fixture,Keep for regression replay audit or archive with test logs
scratch/assemble_c84.py,3227,Diagnostic / Qualification Harness Script,Automated verification test script or test fixture,Keep for regression replay audit or archive with test logs
scratch/assemble_c84.py.metadata.json,154,Diagnostic / Qualification Harness Script,Automated verification test script or test fixture,Keep for regression replay audit or archive with test logs
scratch/assemble_c84_closure.py,3957,Diagnostic / Qualification Harness Script,Automated verification test script or test fixture,Keep for regression replay audit or archive with test logs
scratch/assemble_c84_closure.py.metadata.json,247,Diagnostic / Qualification Harness Script,Automated verification test script or test fixture,Keep for regression replay audit or archive with test logs
scratch/assemble_c84_final.py,3296,Diagnostic / Qualification Harness Script,Automated verification test script or test fixture,Keep for regression replay audit or archive with test logs
scratch/assemble_c84_final.py.metadata.json,141,Diagnostic / Qualification Harness Script,Automated verification test script or test fixture,Keep for regression replay audit or archive with test logs
scratch/assemble_c85_p4.py,3464,Diagnostic / Qualification Harness Script,Automated verification test script or test fixture,Keep for regression replay audit or archive with test logs
scratch/assemble_c85_p4.py.metadata.json,188,Diagnostic / Qualification Harness Script,Automated verification test script or test fixture,Keep for regression replay audit or archive with test logs
scratch/assemble_candidate_ext03.py,5167,Diagnostic / Qualification Harness Script,Automated verification test script or test fixture,Keep for regression replay audit or archive with test logs
scratch/assemble_candidate_ext03.py.metadata.json,150,Diagnostic / Qualification Harness Script,Automated verification test script or test fixture,Keep for regression replay audit or archive with test logs
scratch/assemble_jarvisol_v1.py,5498,Diagnostic / Qualification Harness Script,Automated verification test script or test fixture,Keep for regression replay audit or archive with test logs
scratch/assemble_jarvisol_v1.py.metadata.json,266,Diagnostic / Qualification Harness Script,Automated verification test script or test fixture,Keep for regression replay audit or archive with test logs
scratch/aua004_test.dart,2836,Diagnostic / Qualification Harness Script,Automated verification test script or test fixture,Keep for regression replay audit or archive with test logs
scratch/aua004_test.dart.metadata.json,111,Diagnostic / Qualification Harness Script,Automated verification test script or test fixture,Keep for regression replay audit or archive with test logs
scratch/audit_audio_and_assets.py,1325,Diagnostic / Qualification Harness Script,Automated verification test script or test fixture,Keep for regression replay audit or archive with test logs
scratch/audit_audio_and_assets.py.metadata.json,182,Diagnostic / Qualification Harness Script,Automated verification test script or test fixture,Keep for regression replay audit or archive with test logs
scratch/audit_build_vs_c85.py,1111,Diagnostic / Qualification Harness Script,Automated verification test script or test fixture,Keep for regression replay audit or archive with test logs
scratch/audit_build_vs_c85.py.metadata.json,217,Diagnostic / Qualification Harness Script,Automated verification test script or test fixture,Keep for regression replay audit or archive with test logs
scratch/audit_c6.py,15314,Diagnostic / Qualification Harness Script,Automated verification test script or test fixture,Keep for regression replay audit or archive with test logs
scratch/audit_c6.py.metadata.json,132,Diagnostic / Qualification Harness Script,Automated verification test script or test fixture,Keep for regression replay audit or archive with test logs
scratch/audit_c6_final.py,8271,Diagnostic / Qualification Harness Script,Automated verification test script or test fixture,Keep for regression replay audit or archive with test logs
scratch/audit_c6_final.py.metadata.json,123,Diagnostic / Qualification Harness Script,Automated verification test script or test fixture,Keep for regression replay audit or archive with test logs
scratch/audit_c6_final2.py,8304,Diagnostic / Qualification Harness Script,Automated verification test script or test fixture,Keep for regression replay audit or archive with test logs
scratch/audit_c6_final2.py.metadata.json,100,Diagnostic / Qualification Harness Script,Automated verification test script or test fixture,Keep for regression replay audit or archive with test logs
scratch/audit_c85_prefs.py,437,Diagnostic / Qualification Harness Script,Automated verification test script or test fixture,Keep for regression replay audit or archive with test logs
scratch/audit_c85_prefs.py.metadata.json,238,Diagnostic / Qualification Harness Script,Automated verification test script or test fixture,Keep for regression replay audit or archive with test logs
scratch/audit_candidate_size.py,2305,Diagnostic / Qualification Harness Script,Automated verification test script or test fixture,Keep for regression replay audit or archive with test logs
scratch/audit_candidate_size.py.metadata.json,133,Diagnostic / Qualification Harness Script,Automated verification test script or test fixture,Keep for regression replay audit or archive with test logs
scratch/audit_duplicates_50mb.py,1712,Diagnostic / Qualification Harness Script,Automated verification test script or test fixture,Keep for regression replay audit or archive with test logs
scratch/audit_duplicates_50mb.py.metadata.json,141,Diagnostic / Qualification Harness Script,Automated verification test script or test fixture,Keep for regression replay audit or archive with test logs
scratch/audit_p4_read_only.py,5131,Diagnostic / Qualification Harness Script,Automated verification test script or test fixture,Keep for regression replay audit or archive with test logs
scratch/audit_p4_read_only.py.metadata.json,154,Diagnostic / Qualification Harness Script,Automated verification test script or test fixture,Keep for regression replay audit or archive with test logs
scratch/audit_prefs.py,5772,Diagnostic / Qualification Harness Script,Automated verification test script or test fixture,Keep for regression replay audit or archive with test logs
scratch/audit_prefs.py.metadata.json,121,Diagnostic / Qualification Harness Script,Automated verification test script or test fixture,Keep for regression replay audit or archive with test logs
scratch/audit_remote_metadata_and_range.py,12792,Diagnostic / Qualification Harness Script,Automated verification test script or test fixture,Keep for regression replay audit or archive with test logs
scratch/audit_remote_metadata_and_range.py.metadata.json,173,Diagnostic / Qualification Harness Script,Automated verification test script or test fixture,Keep for regression replay audit or archive with test logs
scratch/benchmark_er8_full.py,9568,Diagnostic / Qualification Harness Script,Automated verification test script or test fixture,Keep for regression replay audit or archive with test logs
scratch/benchmark_er9_full.py,19810,Diagnostic / Qualification Harness Script,Automated verification test script or test fixture,Keep for regression replay audit or archive with test logs
scratch/benchmark_er9_full.py.metadata.json,192,Diagnostic / Qualification Harness Script,Automated verification test script or test fixture,Keep for regression replay audit or archive with test logs
scratch/benchmark_http.py,10100,Diagnostic / Qualification Harness Script,Automated verification test script or test fixture,Keep for regression replay audit or archive with test logs
scratch/benchmark_http.py.metadata.json,170,Diagnostic / Qualification Harness Script,Automated verification test script or test fixture,Keep for regression replay audit or archive with test logs
scratch/benchmark_report.json,8453,Diagnostic / Qualification Harness Script,Automated verification test script or test fixture,Keep for regression replay audit or archive with test logs
scratch/benchmark_report_final.json,51215,Diagnostic / Qualification Harness Script,Automated verification test script or test fixture,Keep for regression replay audit or archive with test logs
scratch/benchmark_suite.py,11015,Diagnostic / Qualification Harness Script,Automated verification test script or test fixture,Keep for regression replay audit or archive with test logs
scratch/benchmark_suite.py.metadata.json,183,Diagnostic / Qualification Harness Script,Automated verification test script or test fixture,Keep for regression replay audit or archive with test logs
scratch/BRAIN-CLEANUP-DRYRUN.csv,65499,Diagnostic / Qualification Harness Script,Automated verification test script or test fixture,Keep for regression replay audit or archive with test logs
scratch/BRAIN-CLEANUP-REPORT.md,5338,Diagnostic / Qualification Harness Script,Automated verification test script or test fixture,Keep for regression replay audit or archive with test logs
scratch/BRAIN-CLEANUP-RESULT.csv,1211,Diagnostic / Qualification Harness Script,Automated verification test script or test fixture,Keep for regression replay audit or archive with test logs
scratch/build_all_book_artifacts.py,78024,Diagnostic / Qualification Harness Script,Automated verification test script or test fixture,Keep for regression replay audit or archive with test logs
scratch/build_all_book_artifacts.py.metadata.json,160,Diagnostic / Qualification Harness Script,Automated verification test script or test fixture,Keep for regression replay audit or archive with test logs
scratch/build_all_corr07anchor_evidence.py,21431,Diagnostic / Qualification Harness Script,Automated verification test script or test fixture,Keep for regression replay audit or archive with test logs
scratch/build_all_corr07anchor_evidence.py.metadata.json,164,Diagnostic / Qualification Harness Script,Automated verification test script or test fixture,Keep for regression replay audit or archive with test logs
scratch/build_all_glint_artifacts.py,34759,Diagnostic / Qualification Harness Script,Automated verification test script or test fixture,Keep for regression replay audit or archive with test logs
scratch/build_all_glint_artifacts.py.metadata.json,167,Diagnostic / Qualification Harness Script,Automated verification test script or test fixture,Keep for regression replay audit or archive with test logs
scratch/build_all_mem_artifacts.py,60487,Diagnostic / Qualification Harness Script,Automated verification test script or test fixture,Keep for regression replay audit or archive with test logs
scratch/build_all_mem_artifacts.py.metadata.json,130,Diagnostic / Qualification Harness Script,Automated verification test script or test fixture,Keep for regression replay audit or archive with test logs
scratch/build_all_restore_artifacts.py,53496,Diagnostic / Qualification Harness Script,Automated verification test script or test fixture,Keep for regression replay audit or archive with test logs
scratch/build_all_restore_artifacts.py.metadata.json,178,Diagnostic / Qualification Harness Script,Automated verification test script or test fixture,Keep for regression replay audit or archive with test logs
scratch/build_all_tts_artifacts.py,62241,Diagnostic / Qualification Harness Script,Automated verification test script or test fixture,Keep for regression replay audit or archive with test logs
scratch/build_all_tts_artifacts.py.metadata.json,168,Diagnostic / Qualification Harness Script,Automated verification test script or test fixture,Keep for regression replay audit or archive with test logs
scratch/build_asr002_evidence.py,27865,Diagnostic / Qualification Harness Script,Automated verification test script or test fixture,Keep for regression replay audit or archive with test logs
scratch/build_asr002_evidence.py.metadata.json,150,Diagnostic / Qualification Harness Script,Automated verification test script or test fixture,Keep for regression replay audit or archive with test logs
scratch/build_c2_artifacts.py,17942,Diagnostic / Qualification Harness Script,Automated verification test script or test fixture,Keep for regression replay audit or archive with test logs
scratch/build_c2_artifacts.py.metadata.json,141,Diagnostic / Qualification Harness Script,Automated verification test script or test fixture,Keep for regression replay audit or archive with test logs
scratch/build_c2_final_artifacts.py,7335,Diagnostic / Qualification Harness Script,Automated verification test script or test fixture,Keep for regression replay audit or archive with test logs
scratch/build_c2_final_artifacts.py.metadata.json,119,Diagnostic / Qualification Harness Script,Automated verification test script or test fixture,Keep for regression replay audit or archive with test logs
scratch/build_c2_vbs_fix_artifacts.py,7128,Diagnostic / Qualification Harness Script,Automated verification test script or test fixture,Keep for regression replay audit or archive with test logs
scratch/build_c2_vbs_fix_artifacts.py.metadata.json,131,Diagnostic / Qualification Harness Script,Automated verification test script or test fixture,Keep for regression replay audit or archive with test logs
scratch/build_canonical_timeline_supplement.py,31781,Diagnostic / Qualification Harness Script,Automated verification test script or test fixture,Keep for regression replay audit or archive with test logs
scratch/build_canonical_timeline_supplement.py.metadata.json,208,Diagnostic / Qualification Harness Script,Automated verification test script or test fixture,Keep for regression replay audit or archive with test logs
scratch/build_cleanup_check.py,20413,Diagnostic / Qualification Harness Script,Automated verification test script or test fixture,Keep for regression replay audit or archive with test logs
scratch/build_cleanup_check.py.metadata.json,181,Diagnostic / Qualification Harness Script,Automated verification test script or test fixture,Keep for regression replay audit or archive with test logs
scratch/build_corr03int_all.py,21235,Diagnostic / Qualification Harness Script,Automated verification test script or test fixture,Keep for regression replay audit or archive with test logs
scratch/build_corr03int_all.py.metadata.json,115,Diagnostic / Qualification Harness Script,Automated verification test script or test fixture,Keep for regression replay audit or archive with test logs
scratch/build_corr03_evidence.py,23171,Diagnostic / Qualification Harness Script,Automated verification test script or test fixture,Keep for regression replay audit or archive with test logs
scratch/build_corrmap_artifacts.py,41659,Diagnostic / Qualification Harness Script,Automated verification test script or test fixture,Keep for regression replay audit or archive with test logs
scratch/build_corrmap_artifacts.py.metadata.json,157,Diagnostic / Qualification Harness Script,Automated verification test script or test fixture,Keep for regression replay audit or archive with test logs
scratch/build_coverage_artifacts.py,78429,Diagnostic / Qualification Harness Script,Automated verification test script or test fixture,Keep for regression replay audit or archive with test logs
scratch/build_coverage_artifacts.py.metadata.json,128,Diagnostic / Qualification Harness Script,Automated verification test script or test fixture,Keep for regression replay audit or archive with test logs
scratch/build_coverage_artifacts_v11.py,73700,Diagnostic / Qualification Harness Script,Automated verification test script or test fixture,Keep for regression replay audit or archive with test logs
scratch/build_coverage_artifacts_v11.py.metadata.json,135,Diagnostic / Qualification Harness Script,Automated verification test script or test fixture,Keep for regression replay audit or archive with test logs
scratch/build_coverage_artifacts_v12.py,108380,Diagnostic / Qualification Harness Script,Automated verification test script or test fixture,Keep for regression replay audit or archive with test logs
scratch/build_coverage_artifacts_v12.py.metadata.json,174,Diagnostic / Qualification Harness Script,Automated verification test script or test fixture,Keep for regression replay audit or archive with test logs
scratch/build_ext01_micro_manifests.py,9338,Diagnostic / Qualification Harness Script,Automated verification test script or test fixture,Keep for regression replay audit or archive with test logs
scratch/build_ext01_micro_manifests.py.metadata.json,161,Diagnostic / Qualification Harness Script,Automated verification test script or test fixture,Keep for regression replay audit or archive with test logs
scratch/build_freeze_gate_manifests.py,16127,Diagnostic / Qualification Harness Script,Automated verification test script or test fixture,Keep for regression replay audit or archive with test logs
scratch/build_freeze_gate_manifests.py.metadata.json,145,Diagnostic / Qualification Harness Script,Automated verification test script or test fixture,Keep for regression replay audit or archive with test logs
scratch/build_g01_baseline.py,8675,Diagnostic / Qualification Harness Script,Automated verification test script or test fixture,Keep for regression replay audit or archive with test logs
scratch/build_g01_baseline.py.metadata.json,160,Diagnostic / Qualification Harness Script,Automated verification test script or test fixture,Keep for regression replay audit or archive with test logs
scratch/build_g3_harness.py,42984,Diagnostic / Qualification Harness Script,Automated verification test script or test fixture,Keep for regression replay audit or archive with test logs
scratch/build_g3_harness.py.metadata.json,159,Diagnostic / Qualification Harness Script,Automated verification test script or test fixture,Keep for regression replay audit or archive with test logs
scratch/build_mcp_advanced_evidence.py,40893,Diagnostic / Qualification Harness Script,Automated verification test script or test fixture,Keep for regression replay audit or archive with test logs
scratch/build_mcp_advanced_evidence.py.metadata.json,154,Diagnostic / Qualification Harness Script,Automated verification test script or test fixture,Keep for regression replay audit or archive with test logs
scratch/build_micsup_evidence.py,46474,Diagnostic / Qualification Harness Script,Automated verification test script or test fixture,Keep for regression replay audit or archive with test logs
scratch/build_micsup_evidence.py.metadata.json,202,Diagnostic / Qualification Harness Script,Automated verification test script or test fixture,Keep for regression replay audit or archive with test logs
scratch/build_mic_reset_evidence.py,32476,Diagnostic / Qualification Harness Script,Automated verification test script or test fixture,Keep for regression replay audit or archive with test logs
scratch/build_mic_reset_evidence.py.metadata.json,142,Diagnostic / Qualification Harness Script,Automated verification test script or test fixture,Keep for regression replay audit or archive with test logs
scratch/build_modsup_evidence.py,33400,Diagnostic / Qualification Harness Script,Automated verification test script or test fixture,Keep for regression replay audit or archive with test logs
scratch/build_modsup_evidence.py.metadata.json,154,Diagnostic / Qualification Harness Script,Automated verification test script or test fixture,Keep for regression replay audit or archive with test logs
scratch/build_target_audio_canonical_evidence.py,41908,Diagnostic / Qualification Harness Script,Automated verification test script or test fixture,Keep for regression replay audit or archive with test logs
scratch/build_target_audio_canonical_evidence.py.metadata.json,272,Diagnostic / Qualification Harness Script,Automated verification test script or test fixture,Keep for regression replay audit or archive with test logs
scratch/build_target_audio_offline_evidence.py,51128,Diagnostic / Qualification Harness Script,Automated verification test script or test fixture,Keep for regression replay audit or archive with test logs
scratch/build_target_audio_offline_evidence.py.metadata.json,157,Diagnostic / Qualification Harness Script,Automated verification test script or test fixture,Keep for regression replay audit or archive with test logs
scratch/build_target_doc_actions_evidence.py,65776,Diagnostic / Qualification Harness Script,Automated verification test script or test fixture,Keep for regression replay audit or archive with test logs
scratch/build_target_doc_actions_evidence.py.metadata.json,140,Diagnostic / Qualification Harness Script,Automated verification test script or test fixture,Keep for regression replay audit or archive with test logs
scratch/build_target_doc_io_evidence.py,57150,Diagnostic / Qualification Harness Script,Automated verification test script or test fixture,Keep for regression replay audit or archive with test logs
scratch/build_target_doc_io_evidence.py.metadata.json,132,Diagnostic / Qualification Harness Script,Automated verification test script or test fixture,Keep for regression replay audit or archive with test logs
scratch/build_target_doc_io_supplement_evidence.py,36392,Diagnostic / Qualification Harness Script,Automated verification test script or test fixture,Keep for regression replay audit or archive with test logs
scratch/build_target_doc_io_supplement_evidence.py.metadata.json,141,Diagnostic / Qualification Harness Script,Automated verification test script or test fixture,Keep for regression replay audit or archive with test logs
scratch/build_target_llm_prompts_evidence.py,72780,Diagnostic / Qualification Harness Script,Automated verification test script or test fixture,Keep for regression replay audit or archive with test logs
scratch/build_target_llm_prompts_evidence.py.metadata.json,127,Diagnostic / Qualification Harness Script,Automated verification test script or test fixture,Keep for regression replay audit or archive with test logs
scratch/build_target_models_litert_evidence.py,66269,Diagnostic / Qualification Harness Script,Automated verification test script or test fixture,Keep for regression replay audit or archive with test logs
scratch/build_target_models_litert_evidence.py.metadata.json,164,Diagnostic / Qualification Harness Script,Automated verification test script or test fixture,Keep for regression replay audit or archive with test logs
scratch/build_target_portability_ab_evidence.py,42338,Diagnostic / Qualification Harness Script,Automated verification test script or test fixture,Keep for regression replay audit or archive with test logs
scratch/build_target_portability_ab_evidence.py.metadata.json,254,Diagnostic / Qualification Harness Script,Automated verification test script or test fixture,Keep for regression replay audit or archive with test logs
scratch/build_target_portability_ab_supplement.py,38762,Diagnostic / Qualification Harness Script,Automated verification test script or test fixture,Keep for regression replay audit or archive with test logs
scratch/build_target_portability_ab_supplement.py.metadata.json,149,Diagnostic / Qualification Harness Script,Automated verification test script or test fixture,Keep for regression replay audit or archive with test logs
scratch/build_target_system_ui_evidence.py,41296,Diagnostic / Qualification Harness Script,Automated verification test script or test fixture,Keep for regression replay audit or archive with test logs
scratch/build_target_system_ui_evidence.py.metadata.json,154,Diagnostic / Qualification Harness Script,Automated verification test script or test fixture,Keep for regression replay audit or archive with test logs
scratch/build_target_system_ui_supplement_evidence.py,25934,Diagnostic / Qualification Harness Script,Automated verification test script or test fixture,Keep for regression replay audit or archive with test logs
scratch/build_target_system_ui_supplement_evidence.py.metadata.json,156,Diagnostic / Qualification Harness Script,Automated verification test script or test fixture,Keep for regression replay audit or archive with test logs
scratch/build_vs_c85_fast.py,5247,Diagnostic / Qualification Harness Script,Automated verification test script or test fixture,Keep for regression replay audit or archive with test logs
scratch/build_vs_c85_fast.py.metadata.json,138,Diagnostic / Qualification Harness Script,Automated verification test script or test fixture,Keep for regression replay audit or archive with test logs
scratch/C81_VS_C82_FULL_PHYSICAL_DIFF.csv,2882737,Diagnostic / Qualification Harness Script,Automated verification test script or test fixture,Keep for regression replay audit or archive with test logs
scratch/C81_VS_C82_FULL_PHYSICAL_DIFF_REPAIRED.csv,2882877,Diagnostic / Qualification Harness Script,Automated verification test script or test fixture,Keep for regression replay audit or archive with test logs
scratch/C82-APP001-RUNTIME-VALIDATION.csv,334,Diagnostic / Qualification Harness Script,Automated verification test script or test fixture,Keep for regression replay audit or archive with test logs
scratch/C82_VS_C83_FINAL_PHYSICAL_DIFF.csv,3010914,Diagnostic / Qualification Harness Script,Automated verification test script or test fixture,Keep for regression replay audit or archive with test logs
scratch/C82_VS_C83_IOFINAL_PHYSICAL_DIFF.csv,3010914,Diagnostic / Qualification Harness Script,Automated verification test script or test fixture,Keep for regression replay audit or archive with test logs
scratch/C82_VS_C83_PHYSICAL_DIFF.csv,1352602,Diagnostic / Qualification Harness Script,Automated verification test script or test fixture,Keep for regression replay audit or archive with test logs
scratch/C83-APP001-RUNTIME-VALIDATION.csv,358,Diagnostic / Qualification Harness Script,Automated verification test script or test fixture,Keep for regression replay audit or archive with test logs
scratch/C83_CREDENTIAL_SCAN_REDACTED.csv,43,Diagnostic / Qualification Harness Script,Automated verification test script or test fixture,Keep for regression replay audit or archive with test logs
scratch/C83_IMAGE_AND_LITERT_HASHES.csv,3616,Diagnostic / Qualification Harness Script,Automated verification test script or test fixture,Keep for regression replay audit or archive with test logs
scratch/C83_IOFINAL_VS_C84_P2_CLOSURE_FULL_PHYSICAL_DIFF_SUMMARY.csv,628,Diagnostic / Qualification Harness Script,Automated verification test script or test fixture,Keep for regression replay audit or archive with test logs
scratch/C83_IOFINAL_VS_C84_P2_CLOSURE_FULL_PHYSICAL_DIFF_SUMMARY.csv.metadata.json,144,Diagnostic / Qualification Harness Script,Automated verification test script or test fixture,Keep for regression replay audit or archive with test logs
scratch/C83_IOFINAL_VS_C84_P2_PHYSICAL_DIFF.csv,803,Diagnostic / Qualification Harness Script,Automated verification test script or test fixture,Keep for regression replay audit or archive with test logs
scratch/c84_final_models_manifest.json,2114,Diagnostic / Qualification Harness Script,Automated verification test script or test fixture,Keep for regression replay audit or archive with test logs
scratch/c84_models_manifest.json,2114,Diagnostic / Qualification Harness Script,Automated verification test script or test fixture,Keep for regression replay audit or archive with test logs
scratch/camp_book_prompt.txt,4310,Diagnostic / Qualification Harness Script,Automated verification test script or test fixture,Keep for regression replay audit or archive with test logs
scratch/camp_img_req.txt,14471,Diagnostic / Qualification Harness Script,Automated verification test script or test fixture,Keep for regression replay audit or archive with test logs
scratch/camp_tts_prompt.txt,17917,Diagnostic / Qualification Harness Script,Automated verification test script or test fixture,Keep for regression replay audit or archive with test logs
scratch/check_advisor_and_prefs.py,741,Diagnostic / Qualification Harness Script,Automated verification test script or test fixture,Keep for regression replay audit or archive with test logs
scratch/check_advisor_and_prefs.py.metadata.json,132,Diagnostic / Qualification Harness Script,Automated verification test script or test fixture,Keep for regression replay audit or archive with test logs
scratch/check_civitai_hashes.py,1540,Diagnostic / Qualification Harness Script,Automated verification test script or test fixture,Keep for regression replay audit or archive with test logs
scratch/check_civitai_hashes.py.metadata.json,116,Diagnostic / Qualification Harness Script,Automated verification test script or test fixture,Keep for regression replay audit or archive with test logs
scratch/check_distributable_credentials_general.py,5009,Diagnostic / Qualification Harness Script,Automated verification test script or test fixture,Keep for regression replay audit or archive with test logs
scratch/check_distributable_credentials_general.py.metadata.json,158,Diagnostic / Qualification Harness Script,Automated verification test script or test fixture,Keep for regression replay audit or archive with test logs
scratch/check_gpustack.py,888,Diagnostic / Qualification Harness Script,Automated verification test script or test fixture,Keep for regression replay audit or archive with test logs
scratch/check_gpustack.py.metadata.json,110,Diagnostic / Qualification Harness Script,Automated verification test script or test fixture,Keep for regression replay audit or archive with test logs
scratch/check_gpustack_trees.py,1470,Diagnostic / Qualification Harness Script,Automated verification test script or test fixture,Keep for regression replay audit or archive with test logs
scratch/check_gpustack_trees.py.metadata.json,102,Diagnostic / Qualification Harness Script,Automated verification test script or test fixture,Keep for regression replay audit or archive with test logs
scratch/check_lengths.py,1131,Diagnostic / Qualification Harness Script,Automated verification test script or test fixture,Keep for regression replay audit or archive with test logs
scratch/check_lengths.py.metadata.json,123,Diagnostic / Qualification Harness Script,Automated verification test script or test fixture,Keep for regression replay audit or archive with test logs
scratch/check_litert_cache.py,427,Diagnostic / Qualification Harness Script,Automated verification test script or test fixture,Keep for regression replay audit or archive with test logs
scratch/check_litert_cache.py.metadata.json,109,Diagnostic / Qualification Harness Script,Automated verification test script or test fixture,Keep for regression replay audit or archive with test logs
scratch/check_llm_service_defaults.py,387,Diagnostic / Qualification Harness Script,Automated verification test script or test fixture,Keep for regression replay audit or archive with test logs
scratch/check_llm_service_defaults.py.metadata.json,181,Diagnostic / Qualification Harness Script,Automated verification test script or test fixture,Keep for regression replay audit or archive with test logs
scratch/check_manifest.py,661,Diagnostic / Qualification Harness Script,Automated verification test script or test fixture,Keep for regression replay audit or archive with test logs
scratch/check_manifest.py.metadata.json,143,Diagnostic / Qualification Harness Script,Automated verification test script or test fixture,Keep for regression replay audit or archive with test logs
scratch/check_missing_evidence.py,2804,Diagnostic / Qualification Harness Script,Automated verification test script or test fixture,Keep for regression replay audit or archive with test logs
scratch/check_missing_evidence.py.metadata.json,150,Diagnostic / Qualification Harness Script,Automated verification test script or test fixture,Keep for regression replay audit or archive with test logs
scratch/check_no_credentials.py,3912,Diagnostic / Qualification Harness Script,Automated verification test script or test fixture,Keep for regression replay audit or archive with test logs
scratch/check_no_credentials.py.metadata.json,142,Diagnostic / Qualification Harness Script,Automated verification test script or test fixture,Keep for regression replay audit or archive with test logs
scratch/check_protected_baselines.py,592,Diagnostic / Qualification Harness Script,Automated verification test script or test fixture,Keep for regression replay audit or archive with test logs
scratch/check_protected_baselines.py.metadata.json,110,Diagnostic / Qualification Harness Script,Automated verification test script or test fixture,Keep for regression replay audit or archive with test logs
scratch/check_qual_paths.py,1305,Diagnostic / Qualification Harness Script,Automated verification test script or test fixture,Keep for regression replay audit or archive with test logs
scratch/check_qual_paths.py.metadata.json,144,Diagnostic / Qualification Harness Script,Automated verification test script or test fixture,Keep for regression replay audit or archive with test logs
scratch/check_removed_models.py,757,Diagnostic / Qualification Harness Script,Automated verification test script or test fixture,Keep for regression replay audit or archive with test logs
scratch/check_removed_models.py.metadata.json,129,Diagnostic / Qualification Harness Script,Automated verification test script or test fixture,Keep for regression replay audit or archive with test logs
scratch/check_siblings.py,2457,Diagnostic / Qualification Harness Script,Automated verification test script or test fixture,Keep for regression replay audit or archive with test logs
scratch/check_siblings.py.metadata.json,112,Diagnostic / Qualification Harness Script,Automated verification test script or test fixture,Keep for regression replay audit or archive with test logs
scratch/check_sources_corr01.py,2092,Diagnostic / Qualification Harness Script,Automated verification test script or test fixture,Keep for regression replay audit or archive with test logs
scratch/check_sources_corr01.py.metadata.json,130,Diagnostic / Qualification Harness Script,Automated verification test script or test fixture,Keep for regression replay audit or archive with test logs
scratch/check_whisper_cpp_models.py,1105,Diagnostic / Qualification Harness Script,Automated verification test script or test fixture,Keep for regression replay audit or archive with test logs
scratch/check_whisper_cpp_models.py.metadata.json,249,Diagnostic / Qualification Harness Script,Automated verification test script or test fixture,Keep for regression replay audit or archive with test logs
scratch/check_window_class.py,1074,Diagnostic / Qualification Harness Script,Automated verification test script or test fixture,Keep for regression replay audit or archive with test logs
scratch/check_window_class.py.metadata.json,111,Diagnostic / Qualification Harness Script,Automated verification test script or test fixture,Keep for regression replay audit or archive with test logs
scratch/classify_package_hygiene.py,7234,Diagnostic / Qualification Harness Script,Automated verification test script or test fixture,Keep for regression replay audit or archive with test logs
scratch/classify_package_hygiene.py.metadata.json,115,Diagnostic / Qualification Harness Script,Automated verification test script or test fixture,Keep for regression replay audit or archive with test logs
scratch/cleanup_build_intermediaries.py,6205,Diagnostic / Qualification Harness Script,Automated verification test script or test fixture,Keep for regression replay audit or archive with test logs
scratch/cleanup_build_intermediaries.py.metadata.json,149,Diagnostic / Qualification Harness Script,Automated verification test script or test fixture,Keep for regression replay audit or archive with test logs
scratch/cleanup_v2_results.json,3746,Diagnostic / Qualification Harness Script,Automated verification test script or test fixture,Keep for regression replay audit or archive with test logs
scratch/clean_preferences.json,1716,Diagnostic / Qualification Harness Script,Automated verification test script or test fixture,Keep for regression replay audit or archive with test logs
scratch/click_test.py,2313,Diagnostic / Qualification Harness Script,Automated verification test script or test fixture,Keep for regression replay audit or archive with test logs
scratch/click_test.py.metadata.json,125,Diagnostic / Qualification Harness Script,Automated verification test script or test fixture,Keep for regression replay audit or archive with test logs
scratch/corr03_spec.txt,17041,Diagnostic / Qualification Harness Script,Automated verification test script or test fixture,Keep for regression replay audit or archive with test logs
scratch/create_gmail_mcp_test.py,7277,Diagnostic / Qualification Harness Script,Automated verification test script or test fixture,Keep for regression replay audit or archive with test logs
scratch/create_gmail_mcp_test.py.metadata.json,135,Diagnostic / Qualification Harness Script,Automated verification test script or test fixture,Keep for regression replay audit or archive with test logs
scratch/create_image_models_screen.py,34718,Diagnostic / Qualification Harness Script,Automated verification test script or test fixture,Keep for regression replay audit or archive with test logs
scratch/create_image_models_screen.py.metadata.json,145,Diagnostic / Qualification Harness Script,Automated verification test script or test fixture,Keep for regression replay audit or archive with test logs
scratch/create_litert_test.py,5364,Diagnostic / Qualification Harness Script,Automated verification test script or test fixture,Keep for regression replay audit or archive with test logs
scratch/create_litert_test.py.metadata.json,112,Diagnostic / Qualification Harness Script,Automated verification test script or test fixture,Keep for regression replay audit or archive with test logs
scratch/create_p2_tests.py,20253,Diagnostic / Qualification Harness Script,Automated verification test script or test fixture,Keep for regression replay audit or archive with test logs
scratch/create_p2_tests.py.metadata.json,144,Diagnostic / Qualification Harness Script,Automated verification test script or test fixture,Keep for regression replay audit or archive with test logs
scratch/create_p2_tests_clean.py,22772,Diagnostic / Qualification Harness Script,Automated verification test script or test fixture,Keep for regression replay audit or archive with test logs
scratch/create_p2_tests_clean.py.metadata.json,146,Diagnostic / Qualification Harness Script,Automated verification test script or test fixture,Keep for regression replay audit or archive with test logs
scratch/create_web_media_test.py,4568,Diagnostic / Qualification Harness Script,Automated verification test script or test fixture,Keep for regression replay audit or archive with test logs
scratch/create_web_media_test.py.metadata.json,132,Diagnostic / Qualification Harness Script,Automated verification test script or test fixture,Keep for regression replay audit or archive with test logs
scratch/current_prompt.txt,4334,Diagnostic / Qualification Harness Script,Automated verification test script or test fixture,Keep for regression replay audit or archive with test logs
scratch/ddg_search_models.py,1750,Diagnostic / Qualification Harness Script,Automated verification test script or test fixture,Keep for regression replay audit or archive with test logs
scratch/ddg_search_models.py.metadata.json,117,Diagnostic / Qualification Harness Script,Automated verification test script or test fixture,Keep for regression replay audit or archive with test logs
scratch/debug_vbs.py,1764,Diagnostic / Qualification Harness Script,Automated verification test script or test fixture,Keep for regression replay audit or archive with test logs
scratch/debug_vbs.py.metadata.json,97,Diagnostic / Qualification Harness Script,Automated verification test script or test fixture,Keep for regression replay audit or archive with test logs
scratch/deep_scan_hf.py,2147,Diagnostic / Qualification Harness Script,Automated verification test script or test fixture,Keep for regression replay audit or archive with test logs
scratch/deep_scan_hf.py.metadata.json,114,Diagnostic / Qualification Harness Script,Automated verification test script or test fixture,Keep for regression replay audit or archive with test logs
scratch/deep_user_data_audit.py,1146,Diagnostic / Qualification Harness Script,Automated verification test script or test fixture,Keep for regression replay audit or archive with test logs
scratch/deep_user_data_audit.py.metadata.json,112,Diagnostic / Qualification Harness Script,Automated verification test script or test fixture,Keep for regression replay audit or archive with test logs
scratch/deno.zip,42601047,Diagnostic / Qualification Harness Script,Automated verification test script or test fixture,Keep for regression replay audit or archive with test logs
scratch/deno.zip.sha256sum,177,Diagnostic / Qualification Harness Script,Automated verification test script or test fixture,Keep for regression replay audit or archive with test logs
scratch/DIFF_CW_COPIE_VS_C7.csv,833778,Diagnostic / Qualification Harness Script,Automated verification test script or test fixture,Keep for regression replay audit or archive with test logs
scratch/diff_cw_copie_vs_c7.py,3407,Diagnostic / Qualification Harness Script,Automated verification test script or test fixture,Keep for regression replay audit or archive with test logs
scratch/diff_cw_copie_vs_c7.py.metadata.json,145,Diagnostic / Qualification Harness Script,Automated verification test script or test fixture,Keep for regression replay audit or archive with test logs
scratch/diff_manifests.py,2791,Diagnostic / Qualification Harness Script,Automated verification test script or test fixture,Keep for regression replay audit or archive with test logs
scratch/diff_manifests.py.metadata.json,148,Diagnostic / Qualification Harness Script,Automated verification test script or test fixture,Keep for regression replay audit or archive with test logs
scratch/DISK-CLEANUP-JARVISOL-FOLLOWUP-REPORT.md,9576,Diagnostic / Qualification Harness Script,Automated verification test script or test fixture,Keep for regression replay audit or archive with test logs
scratch/DISK-CLEANUP-JARVISOL-FOLLOWUP-REPORT.md.metadata.json,524,Diagnostic / Qualification Harness Script,Automated verification test script or test fixture,Keep for regression replay audit or archive with test logs
scratch/download_flows_source_snapshots.md,5443,Diagnostic / Qualification Harness Script,Automated verification test script or test fixture,Keep for regression replay audit or archive with test logs
scratch/download_flows_source_snapshots.md.metadata.json,186,Diagnostic / Qualification Harness Script,Automated verification test script or test fixture,Keep for regression replay audit or archive with test logs
scratch/download_gemma4_e4b.py,1178,Diagnostic / Qualification Harness Script,Automated verification test script or test fixture,Keep for regression replay audit or archive with test logs
scratch/download_gemma4_e4b.py.metadata.json,109,Diagnostic / Qualification Harness Script,Automated verification test script or test fixture,Keep for regression replay audit or archive with test logs
scratch/download_model.py,3165,Diagnostic / Qualification Harness Script,Automated verification test script or test fixture,Keep for regression replay audit or archive with test logs
scratch/download_model.py.metadata.json,144,Diagnostic / Qualification Harness Script,Automated verification test script or test fixture,Keep for regression replay audit or archive with test logs
scratch/download_models.py,1432,Diagnostic / Qualification Harness Script,Automated verification test script or test fixture,Keep for regression replay audit or archive with test logs
scratch/download_models.py.metadata.json,106,Diagnostic / Qualification Harness Script,Automated verification test script or test fixture,Keep for regression replay audit or archive with test logs
scratch/download_qual_models.py,5004,Diagnostic / Qualification Harness Script,Automated verification test script or test fixture,Keep for regression replay audit or archive with test logs
scratch/download_qual_models.py.metadata.json,155,Diagnostic / Qualification Harness Script,Automated verification test script or test fixture,Keep for regression replay audit or archive with test logs
scratch/download_ytdlp.py,1744,Diagnostic / Qualification Harness Script,Automated verification test script or test fixture,Keep for regression replay audit or archive with test logs
scratch/download_ytdlp.py.metadata.json,167,Diagnostic / Qualification Harness Script,Automated verification test script or test fixture,Keep for regression replay audit or archive with test logs
scratch/dump_catalog.py,431,Diagnostic / Qualification Harness Script,Automated verification test script or test fixture,Keep for regression replay audit or archive with test logs
scratch/dump_catalog.py.metadata.json,161,Diagnostic / Qualification Harness Script,Automated verification test script or test fixture,Keep for regression replay audit or archive with test logs
scratch/dump_fiches_summary.py,902,Diagnostic / Qualification Harness Script,Automated verification test script or test fixture,Keep for regression replay audit or archive with test logs
scratch/dump_fiches_summary.py.metadata.json,126,Diagnostic / Qualification Harness Script,Automated verification test script or test fixture,Keep for regression replay audit or archive with test logs
scratch/dump_lot_details.py,1414,Diagnostic / Qualification Harness Script,Automated verification test script or test fixture,Keep for regression replay audit or archive with test logs
scratch/dump_lot_details.py.metadata.json,126,Diagnostic / Qualification Harness Script,Automated verification test script or test fixture,Keep for regression replay audit or archive with test logs
scratch/edge_gallery_model_allowlist.json,20761,Diagnostic / Qualification Harness Script,Automated verification test script or test fixture,Keep for regression replay audit or archive with test logs
scratch/embed_mcp_gmail_packages.py,1808,Diagnostic / Qualification Harness Script,Automated verification test script or test fixture,Keep for regression replay audit or archive with test logs
scratch/embed_mcp_gmail_packages.py.metadata.json,149,Diagnostic / Qualification Harness Script,Automated verification test script or test fixture,Keep for regression replay audit or archive with test logs
scratch/enum_desk.py,803,Diagnostic / Qualification Harness Script,Automated verification test script or test fixture,Keep for regression replay audit or archive with test logs
scratch/enum_desk.py.metadata.json,94,Diagnostic / Qualification Harness Script,Automated verification test script or test fixture,Keep for regression replay audit or archive with test logs
scratch/er10_results.json,3505,Diagnostic / Qualification Harness Script,Automated verification test script or test fixture,Keep for regression replay audit or archive with test logs
scratch/eval_port.vbs,780,Diagnostic / Qualification Harness Script,Automated verification test script or test fixture,Keep for regression replay audit or archive with test logs
scratch/exact_supplement_prompt.txt,16153,Diagnostic / Qualification Harness Script,Automated verification test script or test fixture,Keep for regression replay audit or archive with test logs
scratch/execute_all_canaries.py,26485,Diagnostic / Qualification Harness Script,Automated verification test script or test fixture,Keep for regression replay audit or archive with test logs
scratch/execute_all_canaries.py.metadata.json,104,Diagnostic / Qualification Harness Script,Automated verification test script or test fixture,Keep for regression replay audit or archive with test logs
scratch/execute_all_gates.py,74226,Diagnostic / Qualification Harness Script,Automated verification test script or test fixture,Keep for regression replay audit or archive with test logs
scratch/execute_all_gates.py.metadata.json,139,Diagnostic / Qualification Harness Script,Automated verification test script or test fixture,Keep for regression replay audit or archive with test logs
scratch/execute_cleanup.py,11998,Diagnostic / Qualification Harness Script,Automated verification test script or test fixture,Keep for regression replay audit or archive with test logs
scratch/execute_cleanup.py.metadata.json,129,Diagnostic / Qualification Harness Script,Automated verification test script or test fixture,Keep for regression replay audit or archive with test logs
scratch/execute_cleanup_v2.py,12621,Diagnostic / Qualification Harness Script,Automated verification test script or test fixture,Keep for regression replay audit or archive with test logs
scratch/execute_cleanup_v2.py.metadata.json,126,Diagnostic / Qualification Harness Script,Automated verification test script or test fixture,Keep for regression replay audit or archive with test logs
scratch/execute_corr01fix_tests.py,27782,Diagnostic / Qualification Harness Script,Automated verification test script or test fixture,Keep for regression replay audit or archive with test logs
scratch/execute_corr01fix_tests.py.metadata.json,121,Diagnostic / Qualification Harness Script,Automated verification test script or test fixture,Keep for regression replay audit or archive with test logs
scratch/execute_corr01sup_validation.py,36369,Diagnostic / Qualification Harness Script,Automated verification test script or test fixture,Keep for regression replay audit or archive with test logs
scratch/execute_corr01sup_validation.py.metadata.json,143,Diagnostic / Qualification Harness Script,Automated verification test script or test fixture,Keep for regression replay audit or archive with test logs
scratch/execute_corr04_campaign.py,30373,Diagnostic / Qualification Harness Script,Automated verification test script or test fixture,Keep for regression replay audit or archive with test logs
scratch/execute_corr04_campaign.py.metadata.json,117,Diagnostic / Qualification Harness Script,Automated verification test script or test fixture,Keep for regression replay audit or archive with test logs
scratch/execute_corr05_campaign.py,52883,Diagnostic / Qualification Harness Script,Automated verification test script or test fixture,Keep for regression replay audit or archive with test logs
scratch/execute_corr05_campaign.py.metadata.json,173,Diagnostic / Qualification Harness Script,Automated verification test script or test fixture,Keep for regression replay audit or archive with test logs
scratch/execute_corr05_supplement.py,39905,Diagnostic / Qualification Harness Script,Automated verification test script or test fixture,Keep for regression replay audit or archive with test logs
scratch/execute_corr05_supplement.py.metadata.json,134,Diagnostic / Qualification Harness Script,Automated verification test script or test fixture,Keep for regression replay audit or archive with test logs
scratch/execute_corr07anchor_suite.py,24919,Diagnostic / Qualification Harness Script,Automated verification test script or test fixture,Keep for regression replay audit or archive with test logs
scratch/execute_corr07anchor_suite.py.metadata.json,122,Diagnostic / Qualification Harness Script,Automated verification test script or test fixture,Keep for regression replay audit or archive with test logs
scratch/execute_corr07rag_suite.py,35483,Diagnostic / Qualification Harness Script,Automated verification test script or test fixture,Keep for regression replay audit or archive with test logs
scratch/execute_corr07rag_suite.py.metadata.json,132,Diagnostic / Qualification Harness Script,Automated verification test script or test fixture,Keep for regression replay audit or archive with test logs
scratch/execute_corr07sup2_suite.py,33614,Diagnostic / Qualification Harness Script,Automated verification test script or test fixture,Keep for regression replay audit or archive with test logs
scratch/execute_corr07sup2_suite.py.metadata.json,142,Diagnostic / Qualification Harness Script,Automated verification test script or test fixture,Keep for regression replay audit or archive with test logs
scratch/execute_corr_lot001_tests.py,27066,Diagnostic / Qualification Harness Script,Automated verification test script or test fixture,Keep for regression replay audit or archive with test logs
scratch/execute_corr_lot001_tests.py.metadata.json,147,Diagnostic / Qualification Harness Script,Automated verification test script or test fixture,Keep for regression replay audit or archive with test logs
scratch/execute_er2_neutral_and_portability.py,9229,Diagnostic / Qualification Harness Script,Automated verification test script or test fixture,Keep for regression replay audit or archive with test logs
scratch/execute_er2_neutral_and_portability.py.metadata.json,146,Diagnostic / Qualification Harness Script,Automated verification test script or test fixture,Keep for regression replay audit or archive with test logs
scratch/execute_er2_qualification.py,11396,Diagnostic / Qualification Harness Script,Automated verification test script or test fixture,Keep for regression replay audit or archive with test logs
scratch/execute_er2_qualification.py.metadata.json,148,Diagnostic / Qualification Harness Script,Automated verification test script or test fixture,Keep for regression replay audit or archive with test logs
scratch/execute_er3_complete_suite.py,13301,Diagnostic / Qualification Harness Script,Automated verification test script or test fixture,Keep for regression replay audit or archive with test logs
scratch/execute_er3_complete_suite.py.metadata.json,139,Diagnostic / Qualification Harness Script,Automated verification test script or test fixture,Keep for regression replay audit or archive with test logs
scratch/execute_er4_complete_suite.py,14043,Diagnostic / Qualification Harness Script,Automated verification test script or test fixture,Keep for regression replay audit or archive with test logs
scratch/execute_er4_complete_suite.py.metadata.json,136,Diagnostic / Qualification Harness Script,Automated verification test script or test fixture,Keep for regression replay audit or archive with test logs
scratch/execute_er5_complete_suite.py,13368,Diagnostic / Qualification Harness Script,Automated verification test script or test fixture,Keep for regression replay audit or archive with test logs
scratch/execute_er5_complete_suite.py.metadata.json,158,Diagnostic / Qualification Harness Script,Automated verification test script or test fixture,Keep for regression replay audit or archive with test logs
scratch/execute_er6_deployment_and_qualification.py,10855,Diagnostic / Qualification Harness Script,Automated verification test script or test fixture,Keep for regression replay audit or archive with test logs
scratch/execute_er6_deployment_and_qualification.py.metadata.json,176,Diagnostic / Qualification Harness Script,Automated verification test script or test fixture,Keep for regression replay audit or archive with test logs
scratch/execute_gmail_sanitization.py,6554,Diagnostic / Qualification Harness Script,Automated verification test script or test fixture,Keep for regression replay audit or archive with test logs
scratch/execute_gmail_sanitization.py.metadata.json,144,Diagnostic / Qualification Harness Script,Automated verification test script or test fixture,Keep for regression replay audit or archive with test logs
scratch/execute_sanitization.py,3596,Diagnostic / Qualification Harness Script,Automated verification test script or test fixture,Keep for regression replay audit or archive with test logs
scratch/execute_sanitization.py.metadata.json,116,Diagnostic / Qualification Harness Script,Automated verification test script or test fixture,Keep for regression replay audit or archive with test logs
scratch/export_history.py,5566,Diagnostic / Qualification Harness Script,Automated verification test script or test fixture,Keep for regression replay audit or archive with test logs
scratch/export_history.py.metadata.json,234,Diagnostic / Qualification Harness Script,Automated verification test script or test fixture,Keep for regression replay audit or archive with test logs
scratch/EXT01-C8.1-FINAL-HONESTY-GATE-REPORT.md,10136,Diagnostic / Qualification Harness Script,Automated verification test script or test fixture,Keep for regression replay audit or archive with test logs
scratch/EXT01-C8.1-FINAL-HONESTY-GATE-REPORT.md.metadata.json,137,Diagnostic / Qualification Harness Script,Automated verification test script or test fixture,Keep for regression replay audit or archive with test logs
scratch/EXT01-C8.1-FREEZE-GATE-REPORT.md,16723,Diagnostic / Qualification Harness Script,Automated verification test script or test fixture,Keep for regression replay audit or archive with test logs
scratch/EXT01-C8.1-MICRO-HARDENING-FINAL-REPORT.md,16331,Diagnostic / Qualification Harness Script,Automated verification test script or test fixture,Keep for regression replay audit or archive with test logs
scratch/EXT01-C8.1-REQUIREMENT-COMPLETION-REPORT.md,12906,Diagnostic / Qualification Harness Script,Automated verification test script or test fixture,Keep for regression replay audit or archive with test logs
scratch/EXT01-C8.1-REQUIREMENT-COMPLETION-REPORT.md.metadata.json,193,Diagnostic / Qualification Harness Script,Automated verification test script or test fixture,Keep for regression replay audit or archive with test logs
scratch/EXT02-IMAGE-MODEL-INSTALLER-PREIMPLEMENTATION-GATE-REPORT.md,33670,Diagnostic / Qualification Harness Script,Automated verification test script or test fixture,Keep for regression replay audit or archive with test logs
scratch/EXT02-IMAGE-MODEL-INSTALLER-PREIMPLEMENTATION-GATE-V2-REPORT.md,18816,Diagnostic / Qualification Harness Script,Automated verification test script or test fixture,Keep for regression replay audit or archive with test logs
scratch/EXT02_P1_CATALOG_V2_CONFORMANCE.csv,6001,Diagnostic / Qualification Harness Script,Automated verification test script or test fixture,Keep for regression replay audit or archive with test logs
scratch/EXT02_P1_CORE_INSTALLER_ENGINE_SHA256.txt,123,Diagnostic / Qualification Harness Script,Automated verification test script or test fixture,Keep for regression replay audit or archive with test logs
scratch/EXT02_P1_FINAL_SHA256.txt,107,Diagnostic / Qualification Harness Script,Automated verification test script or test fixture,Keep for regression replay audit or archive with test logs
scratch/EXT02_P1_IOFINAL_SHA256.txt,109,Diagnostic / Qualification Harness Script,Automated verification test script or test fixture,Keep for regression replay audit or archive with test logs
scratch/EXT02_P1_REAL_MODEL_DETECTION.csv,2697,Diagnostic / Qualification Harness Script,Automated verification test script or test fixture,Keep for regression replay audit or archive with test logs
scratch/EXT02_P1_SOURCE_BEFORE.csv,2275,Diagnostic / Qualification Harness Script,Automated verification test script or test fixture,Keep for regression replay audit or archive with test logs
scratch/EXT02_P1_SOURCE_DIFF.csv,3395,Diagnostic / Qualification Harness Script,Automated verification test script or test fixture,Keep for regression replay audit or archive with test logs
scratch/EXT02_P1_TEST_TO_PRODUCTION_MAPPING.csv,8403,Diagnostic / Qualification Harness Script,Automated verification test script or test fixture,Keep for regression replay audit or archive with test logs
scratch/EXT02_P2_SOURCE_BEFORE.csv,2231,Diagnostic / Qualification Harness Script,Automated verification test script or test fixture,Keep for regression replay audit or archive with test logs
scratch/EXT02_P2_SOURCE_DIFF.csv,865,Diagnostic / Qualification Harness Script,Automated verification test script or test fixture,Keep for regression replay audit or archive with test logs
scratch/EXT02_P2_TEST_TO_PRODUCTION_MAPPING.csv,3769,Diagnostic / Qualification Harness Script,Automated verification test script or test fixture,Keep for regression replay audit or archive with test logs
scratch/EXT02_P2_TEST_TO_PRODUCTION_MAPPING.csv.metadata.json,126,Diagnostic / Qualification Harness Script,Automated verification test script or test fixture,Keep for regression replay audit or archive with test logs
scratch/EXT02_REMOTE_ENDPOINT_CHECKS_V2_REPRODUCIBLE.json,29623,Diagnostic / Qualification Harness Script,Automated verification test script or test fixture,Keep for regression replay audit or archive with test logs
scratch/extract_prompt.py,615,Diagnostic / Qualification Harness Script,Automated verification test script or test fixture,Keep for regression replay audit or archive with test logs
scratch/extract_prompt.py.metadata.json,99,Diagnostic / Qualification Harness Script,Automated verification test script or test fixture,Keep for regression replay audit or archive with test logs
scratch/fast_diff_keys.py,1686,Diagnostic / Qualification Harness Script,Automated verification test script or test fixture,Keep for regression replay audit or archive with test logs
scratch/fast_diff_keys.py.metadata.json,160,Diagnostic / Qualification Harness Script,Automated verification test script or test fixture,Keep for regression replay audit or archive with test logs
scratch/fetch_licenses_and_readmes.py,3157,Diagnostic / Qualification Harness Script,Automated verification test script or test fixture,Keep for regression replay audit or archive with test logs
scratch/fetch_licenses_and_readmes.py.metadata.json,130,Diagnostic / Qualification Harness Script,Automated verification test script or test fixture,Keep for regression replay audit or archive with test logs
scratch/filter_leaks.py,809,Diagnostic / Qualification Harness Script,Automated verification test script or test fixture,Keep for regression replay audit or archive with test logs
scratch/filter_leaks.py.metadata.json,100,Diagnostic / Qualification Harness Script,Automated verification test script or test fixture,Keep for regression replay audit or archive with test logs
scratch/finalize_and_verify_candidate.py,3557,Diagnostic / Qualification Harness Script,Automated verification test script or test fixture,Keep for regression replay audit or archive with test logs
scratch/finalize_and_verify_candidate.py.metadata.json,167,Diagnostic / Qualification Harness Script,Automated verification test script or test fixture,Keep for regression replay audit or archive with test logs
scratch/finalize_hashes.py,2424,Diagnostic / Qualification Harness Script,Automated verification test script or test fixture,Keep for regression replay audit or archive with test logs
scratch/finalize_hashes.py.metadata.json,115,Diagnostic / Qualification Harness Script,Automated verification test script or test fixture,Keep for regression replay audit or archive with test logs
scratch/final_security_scan.py,6291,Diagnostic / Qualification Harness Script,Automated verification test script or test fixture,Keep for regression replay audit or archive with test logs
scratch/final_security_scan.py.metadata.json,232,Diagnostic / Qualification Harness Script,Automated verification test script or test fixture,Keep for regression replay audit or archive with test logs
scratch/find_c2_vbs_manifest.py,771,Diagnostic / Qualification Harness Script,Automated verification test script or test fixture,Keep for regression replay audit or archive with test logs
scratch/find_copies.py,670,Diagnostic / Qualification Harness Script,Automated verification test script or test fixture,Keep for regression replay audit or archive with test logs
scratch/find_copies.py.metadata.json,128,Diagnostic / Qualification Harness Script,Automated verification test script or test fixture,Keep for regression replay audit or archive with test logs
scratch/find_import_strings.py,532,Diagnostic / Qualification Harness Script,Automated verification test script or test fixture,Keep for regression replay audit or archive with test logs
scratch/find_import_strings.py.metadata.json,118,Diagnostic / Qualification Harness Script,Automated verification test script or test fixture,Keep for regression replay audit or archive with test logs
scratch/find_manifest_history.py,770,Diagnostic / Qualification Harness Script,Automated verification test script or test fixture,Keep for regression replay audit or archive with test logs
scratch/find_model_catalog_class.py,331,Diagnostic / Qualification Harness Script,Automated verification test script or test fixture,Keep for regression replay audit or archive with test logs
scratch/find_model_catalog_class.py.metadata.json,177,Diagnostic / Qualification Harness Script,Automated verification test script or test fixture,Keep for regression replay audit or archive with test logs
scratch/find_non_identical_diffs.py,499,Diagnostic / Qualification Harness Script,Automated verification test script or test fixture,Keep for regression replay audit or archive with test logs
scratch/find_non_identical_diffs.py.metadata.json,111,Diagnostic / Qualification Harness Script,Automated verification test script or test fixture,Keep for regression replay audit or archive with test logs
scratch/find_removed_model_refs.py,781,Diagnostic / Qualification Harness Script,Automated verification test script or test fixture,Keep for regression replay audit or archive with test logs
scratch/find_removed_model_refs.py.metadata.json,140,Diagnostic / Qualification Harness Script,Automated verification test script or test fixture,Keep for regression replay audit or archive with test logs
scratch/find_substance.py,797,Diagnostic / Qualification Harness Script,Automated verification test script or test fixture,Keep for regression replay audit or archive with test logs
scratch/find_substance.py.metadata.json,103,Diagnostic / Qualification Harness Script,Automated verification test script or test fixture,Keep for regression replay audit or archive with test logs
scratch/find_tokenizer.py,538,Diagnostic / Qualification Harness Script,Automated verification test script or test fixture,Keep for regression replay audit or archive with test logs
scratch/find_tokenizer.py.metadata.json,105,Diagnostic / Qualification Harness Script,Automated verification test script or test fixture,Keep for regression replay audit or archive with test logs
scratch/find_wood.py,547,Diagnostic / Qualification Harness Script,Automated verification test script or test fixture,Keep for regression replay audit or archive with test logs
scratch/find_wood.py.metadata.json,118,Diagnostic / Qualification Harness Script,Automated verification test script or test fixture,Keep for regression replay audit or archive with test logs
scratch/finish_camp_img_001.py,9917,Diagnostic / Qualification Harness Script,Automated verification test script or test fixture,Keep for regression replay audit or archive with test logs
scratch/finish_camp_img_001.py.metadata.json,183,Diagnostic / Qualification Harness Script,Automated verification test script or test fixture,Keep for regression replay audit or archive with test logs
scratch/finish_camp_inp_001.py,18333,Diagnostic / Qualification Harness Script,Automated verification test script or test fixture,Keep for regression replay audit or archive with test logs
scratch/finish_camp_inp_001.py.metadata.json,223,Diagnostic / Qualification Harness Script,Automated verification test script or test fixture,Keep for regression replay audit or archive with test logs
scratch/finish_p0c.py,10177,Diagnostic / Qualification Harness Script,Automated verification test script or test fixture,Keep for regression replay audit or archive with test logs
scratch/finish_p0c.py.metadata.json,154,Diagnostic / Qualification Harness Script,Automated verification test script or test fixture,Keep for regression replay audit or archive with test logs
scratch/finish_sanitization.py,1314,Diagnostic / Qualification Harness Script,Automated verification test script or test fixture,Keep for regression replay audit or archive with test logs
scratch/finish_sanitization.py.metadata.json,117,Diagnostic / Qualification Harness Script,Automated verification test script or test fixture,Keep for regression replay audit or archive with test logs
scratch/fix_cancel_test.py,2565,Diagnostic / Qualification Harness Script,Automated verification test script or test fixture,Keep for regression replay audit or archive with test logs
scratch/fix_cancel_test.py.metadata.json,140,Diagnostic / Qualification Harness Script,Automated verification test script or test fixture,Keep for regression replay audit or archive with test logs
scratch/fix_files.py,2074,Diagnostic / Qualification Harness Script,Automated verification test script or test fixture,Keep for regression replay audit or archive with test logs
scratch/fix_installer_service.py,14407,Diagnostic / Qualification Harness Script,Automated verification test script or test fixture,Keep for regression replay audit or archive with test logs
scratch/fix_installer_service.py.metadata.json,130,Diagnostic / Qualification Harness Script,Automated verification test script or test fixture,Keep for regression replay audit or archive with test logs
scratch/fix_models.py,14161,Diagnostic / Qualification Harness Script,Automated verification test script or test fixture,Keep for regression replay audit or archive with test logs
scratch/fix_models.py.metadata.json,135,Diagnostic / Qualification Harness Script,Automated verification test script or test fixture,Keep for regression replay audit or archive with test logs
scratch/fix_quotes.py,530,Diagnostic / Qualification Harness Script,Automated verification test script or test fixture,Keep for regression replay audit or archive with test logs
scratch/fix_quotes.py.metadata.json,126,Diagnostic / Qualification Harness Script,Automated verification test script or test fixture,Keep for regression replay audit or archive with test logs
scratch/fix_test_file.py,2304,Diagnostic / Qualification Harness Script,Automated verification test script or test fixture,Keep for regression replay audit or archive with test logs
scratch/fix_test_file.py.metadata.json,118,Diagnostic / Qualification Harness Script,Automated verification test script or test fixture,Keep for regression replay audit or archive with test logs
scratch/full_camp_book_prompt.txt,21763,Diagnostic / Qualification Harness Script,Automated verification test script or test fixture,Keep for regression replay audit or archive with test logs
scratch/full_camp_restore_prompt.txt,17380,Diagnostic / Qualification Harness Script,Automated verification test script or test fixture,Keep for regression replay audit or archive with test logs
scratch/full_raw_prompt.txt,620,Diagnostic / Qualification Harness Script,Automated verification test script or test fixture,Keep for regression replay audit or archive with test logs
scratch/full_req5.txt,8247,Diagnostic / Qualification Harness Script,Automated verification test script or test fixture,Keep for regression replay audit or archive with test logs
scratch/gates_25_details.txt,16613,Diagnostic / Qualification Harness Script,Automated verification test script or test fixture,Keep for regression replay audit or archive with test logs
scratch/gates_25_v019.json,19304,Diagnostic / Qualification Harness Script,Automated verification test script or test fixture,Keep for regression replay audit or archive with test logs
scratch/gates_85_to_replay.json,101565,Diagnostic / Qualification Harness Script,Automated verification test script or test fixture,Keep for regression replay audit or archive with test logs
scratch/gates_full.json,295322,Diagnostic / Qualification Harness Script,Automated verification test script or test fixture,Keep for regression replay audit or archive with test logs
scratch/gel_initial.py,2437,Diagnostic / Qualification Harness Script,Automated verification test script or test fixture,Keep for regression replay audit or archive with test logs
scratch/gel_initial.py.metadata.json,136,Diagnostic / Qualification Harness Script,Automated verification test script or test fixture,Keep for regression replay audit or archive with test logs
scratch/GENERAL_CREDENTIAL_SCAN_REDACTED.csv,3789,Diagnostic / Qualification Harness Script,Automated verification test script or test fixture,Keep for regression replay audit or archive with test logs
scratch/generate_analyze_delta.py,2380,Diagnostic / Qualification Harness Script,Automated verification test script or test fixture,Keep for regression replay audit or archive with test logs
scratch/generate_analyze_delta.py.metadata.json,130,Diagnostic / Qualification Harness Script,Automated verification test script or test fixture,Keep for regression replay audit or archive with test logs
scratch/generate_audit_inventories.py,18752,Diagnostic / Qualification Harness Script,Automated verification test script or test fixture,Keep for regression replay audit or archive with test logs
scratch/generate_audit_inventories.py.metadata.json,196,Diagnostic / Qualification Harness Script,Automated verification test script or test fixture,Keep for regression replay audit or archive with test logs
scratch/generate_build_vs_c85_audit.py,4352,Diagnostic / Qualification Harness Script,Automated verification test script or test fixture,Keep for regression replay audit or archive with test logs
scratch/generate_build_vs_c85_audit.py.metadata.json,196,Diagnostic / Qualification Harness Script,Automated verification test script or test fixture,Keep for regression replay audit or archive with test logs
scratch/generate_build_vs_c85_audit_fast.py,5241,Diagnostic / Qualification Harness Script,Automated verification test script or test fixture,Keep for regression replay audit or archive with test logs
scratch/generate_build_vs_c85_audit_fast.py.metadata.json,164,Diagnostic / Qualification Harness Script,Automated verification test script or test fixture,Keep for regression replay audit or archive with test logs
scratch/generate_c81_vs_c82_full_physical_diff.py,5335,Diagnostic / Qualification Harness Script,Automated verification test script or test fixture,Keep for regression replay audit or archive with test logs
scratch/generate_c81_vs_c82_full_physical_diff.py.metadata.json,155,Diagnostic / Qualification Harness Script,Automated verification test script or test fixture,Keep for regression replay audit or archive with test logs
scratch/generate_c82_vs_c83_diff.py,4843,Diagnostic / Qualification Harness Script,Automated verification test script or test fixture,Keep for regression replay audit or archive with test logs
scratch/generate_c82_vs_c83_diff.py.metadata.json,112,Diagnostic / Qualification Harness Script,Automated verification test script or test fixture,Keep for regression replay audit or archive with test logs
scratch/generate_c82_vs_c83_final_diff.py,4696,Diagnostic / Qualification Harness Script,Automated verification test script or test fixture,Keep for regression replay audit or archive with test logs
scratch/generate_c82_vs_c83_final_diff.py.metadata.json,121,Diagnostic / Qualification Harness Script,Automated verification test script or test fixture,Keep for regression replay audit or archive with test logs
scratch/generate_c82_vs_c83_iofinal_diff.py,4887,Diagnostic / Qualification Harness Script,Automated verification test script or test fixture,Keep for regression replay audit or archive with test logs
scratch/generate_c82_vs_c83_iofinal_diff.py.metadata.json,136,Diagnostic / Qualification Harness Script,Automated verification test script or test fixture,Keep for regression replay audit or archive with test logs
scratch/generate_c84_hashes_and_diff.py,6569,Diagnostic / Qualification Harness Script,Automated verification test script or test fixture,Keep for regression replay audit or archive with test logs
scratch/generate_c84_hashes_and_diff.py.metadata.json,160,Diagnostic / Qualification Harness Script,Automated verification test script or test fixture,Keep for regression replay audit or archive with test logs
scratch/generate_canonical_audio.py,2569,Diagnostic / Qualification Harness Script,Automated verification test script or test fixture,Keep for regression replay audit or archive with test logs
scratch/generate_canonical_audio.py.metadata.json,147,Diagnostic / Qualification Harness Script,Automated verification test script or test fixture,Keep for regression replay audit or archive with test logs
scratch/generate_code_evidence.py,3435,Diagnostic / Qualification Harness Script,Automated verification test script or test fixture,Keep for regression replay audit or archive with test logs
scratch/generate_code_evidence.py.metadata.json,133,Diagnostic / Qualification Harness Script,Automated verification test script or test fixture,Keep for regression replay audit or archive with test logs
scratch/generate_complement_deliverables.py,12724,Diagnostic / Qualification Harness Script,Automated verification test script or test fixture,Keep for regression replay audit or archive with test logs
scratch/generate_complement_deliverables.py.metadata.json,156,Diagnostic / Qualification Harness Script,Automated verification test script or test fixture,Keep for regression replay audit or archive with test logs
scratch/generate_corr01sup_00.py,3200,Diagnostic / Qualification Harness Script,Automated verification test script or test fixture,Keep for regression replay audit or archive with test logs
scratch/generate_corr01sup_00.py.metadata.json,106,Diagnostic / Qualification Harness Script,Automated verification test script or test fixture,Keep for regression replay audit or archive with test logs
scratch/generate_corr04fix.py,33176,Diagnostic / Qualification Harness Script,Automated verification test script or test fixture,Keep for regression replay audit or archive with test logs
scratch/generate_corr04fix.py.metadata.json,149,Diagnostic / Qualification Harness Script,Automated verification test script or test fixture,Keep for regression replay audit or archive with test logs
scratch/generate_diffs_and_mapping.py,7517,Diagnostic / Qualification Harness Script,Automated verification test script or test fixture,Keep for regression replay audit or archive with test logs
scratch/generate_diffs_and_mapping.py.metadata.json,147,Diagnostic / Qualification Harness Script,Automated verification test script or test fixture,Keep for regression replay audit or archive with test logs
scratch/generate_ext02_p1_source_before.py,2536,Diagnostic / Qualification Harness Script,Automated verification test script or test fixture,Keep for regression replay audit or archive with test logs
scratch/generate_ext02_p1_source_before.py.metadata.json,150,Diagnostic / Qualification Harness Script,Automated verification test script or test fixture,Keep for regression replay audit or archive with test logs
scratch/generate_final_manifest_and_diff.py,10139,Diagnostic / Qualification Harness Script,Automated verification test script or test fixture,Keep for regression replay audit or archive with test logs
scratch/generate_final_manifest_and_diff.py.metadata.json,190,Diagnostic / Qualification Harness Script,Automated verification test script or test fixture,Keep for regression replay audit or archive with test logs
scratch/generate_final_p2_tests.py,39085,Diagnostic / Qualification Harness Script,Automated verification test script or test fixture,Keep for regression replay audit or archive with test logs
scratch/generate_final_p2_tests.py.metadata.json,122,Diagnostic / Qualification Harness Script,Automated verification test script or test fixture,Keep for regression replay audit or archive with test logs
scratch/generate_final_report.py,12676,Diagnostic / Qualification Harness Script,Automated verification test script or test fixture,Keep for regression replay audit or archive with test logs
scratch/generate_final_report.py.metadata.json,113,Diagnostic / Qualification Harness Script,Automated verification test script or test fixture,Keep for regression replay audit or archive with test logs
scratch/generate_final_screen.py,34298,Diagnostic / Qualification Harness Script,Automated verification test script or test fixture,Keep for regression replay audit or archive with test logs
scratch/generate_final_screen.py.metadata.json,157,Diagnostic / Qualification Harness Script,Automated verification test script or test fixture,Keep for regression replay audit or archive with test logs
scratch/generate_fixture.py,2484,Diagnostic / Qualification Harness Script,Automated verification test script or test fixture,Keep for regression replay audit or archive with test logs
scratch/generate_fixture.py.metadata.json,144,Diagnostic / Qualification Harness Script,Automated verification test script or test fixture,Keep for regression replay audit or archive with test logs
scratch/generate_fr1_data.py,2976,Diagnostic / Qualification Harness Script,Automated verification test script or test fixture,Keep for regression replay audit or archive with test logs
scratch/generate_fr1_data.py.metadata.json,112,Diagnostic / Qualification Harness Script,Automated verification test script or test fixture,Keep for regression replay audit or archive with test logs
scratch/generate_full_physical_diff.py,2894,Diagnostic / Qualification Harness Script,Automated verification test script or test fixture,Keep for regression replay audit or archive with test logs
scratch/generate_full_physical_diff.py.metadata.json,163,Diagnostic / Qualification Harness Script,Automated verification test script or test fixture,Keep for regression replay audit or archive with test logs
scratch/generate_hardened_tests.py,16039,Diagnostic / Qualification Harness Script,Automated verification test script or test fixture,Keep for regression replay audit or archive with test logs
scratch/generate_hardened_tests.py.metadata.json,125,Diagnostic / Qualification Harness Script,Automated verification test script or test fixture,Keep for regression replay audit or archive with test logs
scratch/generate_initial_evidence.py,4882,Diagnostic / Qualification Harness Script,Automated verification test script or test fixture,Keep for regression replay audit or archive with test logs
scratch/generate_initial_evidence.py.metadata.json,122,Diagnostic / Qualification Harness Script,Automated verification test script or test fixture,Keep for regression replay audit or archive with test logs
scratch/generate_p4_audits_and_diff.py,20377,Diagnostic / Qualification Harness Script,Automated verification test script or test fixture,Keep for regression replay audit or archive with test logs
scratch/generate_p4_audits_and_diff.py.metadata.json,233,Diagnostic / Qualification Harness Script,Automated verification test script or test fixture,Keep for regression replay audit or archive with test logs
scratch/generate_patch_and_security.py,3095,Diagnostic / Qualification Harness Script,Automated verification test script or test fixture,Keep for regression replay audit or archive with test logs
scratch/generate_patch_and_security.py.metadata.json,135,Diagnostic / Qualification Harness Script,Automated verification test script or test fixture,Keep for regression replay audit or archive with test logs
scratch/generate_physical_diff_c81_c82.py,4827,Diagnostic / Qualification Harness Script,Automated verification test script or test fixture,Keep for regression replay audit or archive with test logs
scratch/generate_physical_diff_c81_c82.py.metadata.json,148,Diagnostic / Qualification Harness Script,Automated verification test script or test fixture,Keep for regression replay audit or archive with test logs
scratch/generate_preimplementation_gate_data.py,33559,Diagnostic / Qualification Harness Script,Automated verification test script or test fixture,Keep for regression replay audit or archive with test logs
scratch/generate_preimplementation_gate_data.py.metadata.json,143,Diagnostic / Qualification Harness Script,Automated verification test script or test fixture,Keep for regression replay audit or archive with test logs
scratch/generate_real_model_detection.py,2563,Diagnostic / Qualification Harness Script,Automated verification test script or test fixture,Keep for regression replay audit or archive with test logs
scratch/generate_real_model_detection.py.metadata.json,135,Diagnostic / Qualification Harness Script,Automated verification test script or test fixture,Keep for regression replay audit or archive with test logs
scratch/generate_reconciliation_csv.py,8711,Diagnostic / Qualification Harness Script,Automated verification test script or test fixture,Keep for regression replay audit or archive with test logs
scratch/generate_reconciliation_csv.py.metadata.json,118,Diagnostic / Qualification Harness Script,Automated verification test script or test fixture,Keep for regression replay audit or archive with test logs
scratch/generate_reinforced_tests.py,45325,Diagnostic / Qualification Harness Script,Automated verification test script or test fixture,Keep for regression replay audit or archive with test logs
scratch/generate_reinforced_tests.py.metadata.json,134,Diagnostic / Qualification Harness Script,Automated verification test script or test fixture,Keep for regression replay audit or archive with test logs
scratch/generate_source_diff.py,1863,Diagnostic / Qualification Harness Script,Automated verification test script or test fixture,Keep for regression replay audit or archive with test logs
scratch/generate_source_diff.py.metadata.json,111,Diagnostic / Qualification Harness Script,Automated verification test script or test fixture,Keep for regression replay audit or archive with test logs
scratch/generate_test_to_production_mapping.py,13730,Diagnostic / Qualification Harness Script,Automated verification test script or test fixture,Keep for regression replay audit or archive with test logs
scratch/generate_test_to_production_mapping.py.metadata.json,140,Diagnostic / Qualification Harness Script,Automated verification test script or test fixture,Keep for regression replay audit or archive with test logs
scratch/generate_v018_replay_deliverables.py,31114,Diagnostic / Qualification Harness Script,Automated verification test script or test fixture,Keep for regression replay audit or archive with test logs
scratch/generate_v018_replay_deliverables.py.metadata.json,116,Diagnostic / Qualification Harness Script,Automated verification test script or test fixture,Keep for regression replay audit or archive with test logs
scratch/generate_v019_headless_deliverables.py,38751,Diagnostic / Qualification Harness Script,Automated verification test script or test fixture,Keep for regression replay audit or archive with test logs
scratch/generate_v019_headless_deliverables.py.metadata.json,152,Diagnostic / Qualification Harness Script,Automated verification test script or test fixture,Keep for regression replay audit or archive with test logs
scratch/generate_v1_dist_audit.py,70294,Diagnostic / Qualification Harness Script,Automated verification test script or test fixture,Keep for regression replay audit or archive with test logs
scratch/generate_v1_dist_audit.py.metadata.json,209,Diagnostic / Qualification Harness Script,Automated verification test script or test fixture,Keep for regression replay audit or archive with test logs
scratch/generate_v2_artifacts.py,41647,Diagnostic / Qualification Harness Script,Automated verification test script or test fixture,Keep for regression replay audit or archive with test logs
scratch/generate_v2_artifacts.py.metadata.json,135,Diagnostic / Qualification Harness Script,Automated verification test script or test fixture,Keep for regression replay audit or archive with test logs
scratch/generate_vague_a_csv.py,18489,Diagnostic / Qualification Harness Script,Automated verification test script or test fixture,Keep for regression replay audit or archive with test logs
scratch/generate_vague_a_csv.py.metadata.json,169,Diagnostic / Qualification Harness Script,Automated verification test script or test fixture,Keep for regression replay audit or archive with test logs
scratch/generate_vague_b_deliverables.py,17459,Diagnostic / Qualification Harness Script,Automated verification test script or test fixture,Keep for regression replay audit or archive with test logs
scratch/generate_vague_b_deliverables.py.metadata.json,190,Diagnostic / Qualification Harness Script,Automated verification test script or test fixture,Keep for regression replay audit or archive with test logs
scratch/generate_vague_b_residuel_deliverables.py,14657,Diagnostic / Qualification Harness Script,Automated verification test script or test fixture,Keep for regression replay audit or archive with test logs
scratch/generate_vague_b_residuel_deliverables.py.metadata.json,118,Diagnostic / Qualification Harness Script,Automated verification test script or test fixture,Keep for regression replay audit or archive with test logs
scratch/generate_vague_b_residuel_report.py,9948,Diagnostic / Qualification Harness Script,Automated verification test script or test fixture,Keep for regression replay audit or archive with test logs
scratch/generate_vague_b_residuel_report.py.metadata.json,112,Diagnostic / Qualification Harness Script,Automated verification test script or test fixture,Keep for regression replay audit or archive with test logs
scratch/generate_vague_c_final_deliverables.py,12077,Diagnostic / Qualification Harness Script,Automated verification test script or test fixture,Keep for regression replay audit or archive with test logs
scratch/generate_vague_c_final_deliverables.py.metadata.json,205,Diagnostic / Qualification Harness Script,Automated verification test script or test fixture,Keep for regression replay audit or archive with test logs
scratch/generate_validation_report.py,14996,Diagnostic / Qualification Harness Script,Automated verification test script or test fixture,Keep for regression replay audit or archive with test logs
scratch/generate_validation_report.py.metadata.json,127,Diagnostic / Qualification Harness Script,Automated verification test script or test fixture,Keep for regression replay audit or archive with test logs
scratch/gen_audio_audit.py,3021,Diagnostic / Qualification Harness Script,Automated verification test script or test fixture,Keep for regression replay audit or archive with test logs
scratch/gen_audio_audit.py.metadata.json,112,Diagnostic / Qualification Harness Script,Automated verification test script or test fixture,Keep for regression replay audit or archive with test logs
scratch/gen_before_manifest.py,1139,Diagnostic / Qualification Harness Script,Automated verification test script or test fixture,Keep for regression replay audit or archive with test logs
scratch/gen_before_manifest.py.metadata.json,146,Diagnostic / Qualification Harness Script,Automated verification test script or test fixture,Keep for regression replay audit or archive with test logs
scratch/gen_csharp_sources.py,58009,Diagnostic / Qualification Harness Script,Automated verification test script or test fixture,Keep for regression replay audit or archive with test logs
scratch/gen_csharp_sources.py.metadata.json,133,Diagnostic / Qualification Harness Script,Automated verification test script or test fixture,Keep for regression replay audit or archive with test logs
scratch/gen_csproj.py,1074,Diagnostic / Qualification Harness Script,Automated verification test script or test fixture,Keep for regression replay audit or archive with test logs
scratch/gen_csproj.py.metadata.json,134,Diagnostic / Qualification Harness Script,Automated verification test script or test fixture,Keep for regression replay audit or archive with test logs
scratch/gen_downloader.py,7676,Diagnostic / Qualification Harness Script,Automated verification test script or test fixture,Keep for regression replay audit or archive with test logs
scratch/gen_downloader.py.metadata.json,152,Diagnostic / Qualification Harness Script,Automated verification test script or test fixture,Keep for regression replay audit or archive with test logs
scratch/gen_embeddings_mapping.py,4630,Diagnostic / Qualification Harness Script,Automated verification test script or test fixture,Keep for regression replay audit or archive with test logs
scratch/gen_embeddings_mapping.py.metadata.json,142,Diagnostic / Qualification Harness Script,Automated verification test script or test fixture,Keep for regression replay audit or archive with test logs
scratch/gen_essentials_manifest.py,2897,Diagnostic / Qualification Harness Script,Automated verification test script or test fixture,Keep for regression replay audit or archive with test logs
scratch/gen_essentials_manifest.py.metadata.json,132,Diagnostic / Qualification Harness Script,Automated verification test script or test fixture,Keep for regression replay audit or archive with test logs
scratch/gen_e_r4_test.py,13418,Diagnostic / Qualification Harness Script,Automated verification test script or test fixture,Keep for regression replay audit or archive with test logs
scratch/gen_e_r4_test.py.metadata.json,136,Diagnostic / Qualification Harness Script,Automated verification test script or test fixture,Keep for regression replay audit or archive with test logs
scratch/gen_flow_test_v3.py,5511,Diagnostic / Qualification Harness Script,Automated verification test script or test fixture,Keep for regression replay audit or archive with test logs
scratch/gen_flow_test_v3.py.metadata.json,154,Diagnostic / Qualification Harness Script,Automated verification test script or test fixture,Keep for regression replay audit or archive with test logs
scratch/gen_manifest_ext03.py,1625,Diagnostic / Qualification Harness Script,Automated verification test script or test fixture,Keep for regression replay audit or archive with test logs
scratch/gen_manifest_ext03.py.metadata.json,140,Diagnostic / Qualification Harness Script,Automated verification test script or test fixture,Keep for regression replay audit or archive with test logs
scratch/gen_model_hashes.py,1684,Diagnostic / Qualification Harness Script,Automated verification test script or test fixture,Keep for regression replay audit or archive with test logs
scratch/gen_model_hashes.py.metadata.json,189,Diagnostic / Qualification Harness Script,Automated verification test script or test fixture,Keep for regression replay audit or archive with test logs
scratch/gen_removed_models_audit.py,3399,Diagnostic / Qualification Harness Script,Automated verification test script or test fixture,Keep for regression replay audit or archive with test logs
scratch/gen_removed_models_audit.py.metadata.json,129,Diagnostic / Qualification Harness Script,Automated verification test script or test fixture,Keep for regression replay audit or archive with test logs
scratch/gen_removed_models_audit_v2.py,3964,Diagnostic / Qualification Harness Script,Automated verification test script or test fixture,Keep for regression replay audit or archive with test logs
scratch/gen_removed_models_audit_v2.py.metadata.json,180,Diagnostic / Qualification Harness Script,Automated verification test script or test fixture,Keep for regression replay audit or archive with test logs
scratch/gen_selftest.py,22965,Diagnostic / Qualification Harness Script,Automated verification test script or test fixture,Keep for regression replay audit or archive with test logs
scratch/gen_selftest.py.metadata.json,128,Diagnostic / Qualification Harness Script,Automated verification test script or test fixture,Keep for regression replay audit or archive with test logs
scratch/gen_v2_manifest_and_diff.py,6434,Diagnostic / Qualification Harness Script,Automated verification test script or test fixture,Keep for regression replay audit or archive with test logs
scratch/gen_v2_manifest_and_diff.py.metadata.json,116,Diagnostic / Qualification Harness Script,Automated verification test script or test fixture,Keep for regression replay audit or archive with test logs
scratch/gen_v3_diff.py,5199,Diagnostic / Qualification Harness Script,Automated verification test script or test fixture,Keep for regression replay audit or archive with test logs
scratch/gen_v3_diff.py.metadata.json,118,Diagnostic / Qualification Harness Script,Automated verification test script or test fixture,Keep for regression replay audit or archive with test logs
scratch/gen_v3_manifest.py,1496,Diagnostic / Qualification Harness Script,Automated verification test script or test fixture,Keep for regression replay audit or archive with test logs
scratch/gen_v3_manifest.py.metadata.json,110,Diagnostic / Qualification Harness Script,Automated verification test script or test fixture,Keep for regression replay audit or archive with test logs
scratch/gen_voicebake_scripts.py,19135,Diagnostic / Qualification Harness Script,Automated verification test script or test fixture,Keep for regression replay audit or archive with test logs
scratch/gen_voicebake_scripts.py.metadata.json,126,Diagnostic / Qualification Harness Script,Automated verification test script or test fixture,Keep for regression replay audit or archive with test logs
scratch/get_hf_metadata.py,935,Diagnostic / Qualification Harness Script,Automated verification test script or test fixture,Keep for regression replay audit or archive with test logs
scratch/get_hf_metadata.py.metadata.json,115,Diagnostic / Qualification Harness Script,Automated verification test script or test fixture,Keep for regression replay audit or archive with test logs
scratch/GMAIL_CREDENTIALS_SANITIZATION_INVENTORY.csv,1910,Diagnostic / Qualification Harness Script,Automated verification test script or test fixture,Keep for regression replay audit or archive with test logs
scratch/GMAIL_CREDENTIALS_SANITIZATION_INVENTORY.csv.metadata.json,133,Diagnostic / Qualification Harness Script,Automated verification test script or test fixture,Keep for regression replay audit or archive with test logs
scratch/hash_sd_models.py,1309,Diagnostic / Qualification Harness Script,Automated verification test script or test fixture,Keep for regression replay audit or archive with test logs
scratch/hash_sd_models.py.metadata.json,148,Diagnostic / Qualification Harness Script,Automated verification test script or test fixture,Keep for regression replay audit or archive with test logs
scratch/image_models_hashes.json,3209,Diagnostic / Qualification Harness Script,Automated verification test script or test fixture,Keep for regression replay audit or archive with test logs
scratch/image_model_catalog.json.bak_20260908_120550,14648,Diagnostic / Qualification Harness Script,Automated verification test script or test fixture,Keep for regression replay audit or archive with test logs
scratch/inspect_16_ids.py,966,Diagnostic / Qualification Harness Script,Automated verification test script or test fixture,Keep for regression replay audit or archive with test logs
scratch/inspect_16_ids.py.metadata.json,103,Diagnostic / Qualification Harness Script,Automated verification test script or test fixture,Keep for regression replay audit or archive with test logs
scratch/inspect_ai_knowledge.py,544,Diagnostic / Qualification Harness Script,Automated verification test script or test fixture,Keep for regression replay audit or archive with test logs
scratch/inspect_ai_knowledge.py.metadata.json,99,Diagnostic / Qualification Harness Script,Automated verification test script or test fixture,Keep for regression replay audit or archive with test logs
scratch/inspect_c85_structure.py,1311,Diagnostic / Qualification Harness Script,Automated verification test script or test fixture,Keep for regression replay audit or archive with test logs
scratch/inspect_c85_structure.py.metadata.json,209,Diagnostic / Qualification Harness Script,Automated verification test script or test fixture,Keep for regression replay audit or archive with test logs
scratch/inspect_catalog_models.py,569,Diagnostic / Qualification Harness Script,Automated verification test script or test fixture,Keep for regression replay audit or archive with test logs
scratch/inspect_catalog_models.py.metadata.json,129,Diagnostic / Qualification Harness Script,Automated verification test script or test fixture,Keep for regression replay audit or archive with test logs
scratch/inspect_diff_litert.py,299,Diagnostic / Qualification Harness Script,Automated verification test script or test fixture,Keep for regression replay audit or archive with test logs
scratch/inspect_diff_litert.py.metadata.json,123,Diagnostic / Qualification Harness Script,Automated verification test script or test fixture,Keep for regression replay audit or archive with test logs
scratch/inspect_fiches_v12.py,1084,Diagnostic / Qualification Harness Script,Automated verification test script or test fixture,Keep for regression replay audit or archive with test logs
scratch/inspect_fiches_v12.py.metadata.json,124,Diagnostic / Qualification Harness Script,Automated verification test script or test fixture,Keep for regression replay audit or archive with test logs
scratch/inspect_gates_detail.py,570,Diagnostic / Qualification Harness Script,Automated verification test script or test fixture,Keep for regression replay audit or archive with test logs
scratch/inspect_gates_detail.py.metadata.json,121,Diagnostic / Qualification Harness Script,Automated verification test script or test fixture,Keep for regression replay audit or archive with test logs
scratch/inspect_hwnd.py,998,Diagnostic / Qualification Harness Script,Automated verification test script or test fixture,Keep for regression replay audit or archive with test logs
scratch/inspect_hwnd.py.metadata.json,102,Diagnostic / Qualification Harness Script,Automated verification test script or test fixture,Keep for regression replay audit or archive with test logs
scratch/inspect_jarvisol.py,988,Diagnostic / Qualification Harness Script,Automated verification test script or test fixture,Keep for regression replay audit or archive with test logs
scratch/inspect_jarvisol.py.metadata.json,108,Diagnostic / Qualification Harness Script,Automated verification test script or test fixture,Keep for regression replay audit or archive with test logs
scratch/inspect_litert_py.py,634,Diagnostic / Qualification Harness Script,Automated verification test script or test fixture,Keep for regression replay audit or archive with test logs
scratch/inspect_litert_py.py.metadata.json,114,Diagnostic / Qualification Harness Script,Automated verification test script or test fixture,Keep for regression replay audit or archive with test logs
scratch/inspect_lot.py,1395,Diagnostic / Qualification Harness Script,Automated verification test script or test fixture,Keep for regression replay audit or archive with test logs
scratch/inspect_lot.py.metadata.json,146,Diagnostic / Qualification Harness Script,Automated verification test script or test fixture,Keep for regression replay audit or archive with test logs
scratch/inspect_matrix_removed.py,693,Diagnostic / Qualification Harness Script,Automated verification test script or test fixture,Keep for regression replay audit or archive with test logs
scratch/inspect_matrix_removed.py.metadata.json,114,Diagnostic / Qualification Harness Script,Automated verification test script or test fixture,Keep for regression replay audit or archive with test logs
scratch/inspect_specific_files.py,1602,Diagnostic / Qualification Harness Script,Automated verification test script or test fixture,Keep for regression replay audit or archive with test logs
scratch/inspect_specific_files.py.metadata.json,198,Diagnostic / Qualification Harness Script,Automated verification test script or test fixture,Keep for regression replay audit or archive with test logs
scratch/inventory_agentfolder_root.py,814,Diagnostic / Qualification Harness Script,Automated verification test script or test fixture,Keep for regression replay audit or archive with test logs
scratch/inventory_agentfolder_root.py.metadata.json,118,Diagnostic / Qualification Harness Script,Automated verification test script or test fixture,Keep for regression replay audit or archive with test logs
scratch/inventory_scratch.py,1209,Diagnostic / Qualification Harness Script,Automated verification test script or test fixture,Keep for regression replay audit or archive with test logs
scratch/inventory_scratch.py.metadata.json,109,Diagnostic / Qualification Harness Script,Automated verification test script or test fixture,Keep for regression replay audit or archive with test logs
scratch/JARVISOL-FINAL-CONSOLIDATED-REPORT.md,6591,Diagnostic / Qualification Harness Script,Automated verification test script or test fixture,Keep for regression replay audit or archive with test logs
scratch/JARVISOL-FINAL-CONSOLIDATED-REPORT.md.metadata.json,388,Diagnostic / Qualification Harness Script,Automated verification test script or test fixture,Keep for regression replay audit or archive with test logs
scratch/JARVISOL_ASR002_ARTIFACT_RECOVERY_GATE.zip,11180,Diagnostic / Qualification Harness Script,Automated verification test script or test fixture,Keep for regression replay audit or archive with test logs
scratch/JARVISOL_CORR_LOT_007_BRAIN_ANCHOR_FINAL_004.zip,137804,Diagnostic / Qualification Harness Script,Automated verification test script or test fixture,Keep for regression replay audit or archive with test logs
scratch/JARVISOL_CORR_LOT_007_RAGPATH_FINAL_HARDENING_003.zip,137105,Diagnostic / Qualification Harness Script,Automated verification test script or test fixture,Keep for regression replay audit or archive with test logs
scratch/JARVISOL_CORR_LOT_007_VALIDATION_SUPPLEMENT_002.zip,139999,Diagnostic / Qualification Harness Script,Automated verification test script or test fixture,Keep for regression replay audit or archive with test logs
scratch/JARVISOL_G3_CLOSURE_7_CURRENT_C7_001.zip,5524,Diagnostic / Qualification Harness Script,Automated verification test script or test fixture,Keep for regression replay audit or archive with test logs
scratch/JARVISOL_G3_CLOSURE_7_SONNET46_001.zip,9230,Diagnostic / Qualification Harness Script,Automated verification test script or test fixture,Keep for regression replay audit or archive with test logs
scratch/JARVISOL_G3_FINAL_VALIDATION_EVIDENCE.zip,15202,Diagnostic / Qualification Harness Script,Automated verification test script or test fixture,Keep for regression replay audit or archive with test logs
scratch/JARVISOL_G3_GENUINE_RUNTIME_REPLAY_002.zip,266732,Diagnostic / Qualification Harness Script,Automated verification test script or test fixture,Keep for regression replay audit or archive with test logs
scratch/JARVISOL_G3_RUNTIME_EVIDENCE_REPLAY_001.zip,261657,Diagnostic / Qualification Harness Script,Automated verification test script or test fixture,Keep for regression replay audit or archive with test logs
scratch/JARVISOL_PRE_EXT02_C82_SECURITY_REPAIR_EVIDENCE.zip,687264,Diagnostic / Qualification Harness Script,Automated verification test script or test fixture,Keep for regression replay audit or archive with test logs
scratch/JARVISOL_PRE_EXT02_SECURITY_PROOF_CLOSURE_EVIDENCE.zip,687560,Diagnostic / Qualification Harness Script,Automated verification test script or test fixture,Keep for regression replay audit or archive with test logs
scratch/JARVISOL_PRE_EXT02_SECURITY_SANITIZATION_EVIDENCE.zip,20927,Diagnostic / Qualification Harness Script,Automated verification test script or test fixture,Keep for regression replay audit or archive with test logs
scratch/jarvisol_tray.py,11123,Diagnostic / Qualification Harness Script,Automated verification test script or test fixture,Keep for regression replay audit or archive with test logs
scratch/jarvisol_tray.py.metadata.json,130,Diagnostic / Qualification Harness Script,Automated verification test script or test fixture,Keep for regression replay audit or archive with test logs
scratch/JARVISOL_V1_DISTRIBUTION_PREIMPLEMENTATION_AUDIT.zip,26428,Diagnostic / Qualification Harness Script,Automated verification test script or test fixture,Keep for regression replay audit or archive with test logs
scratch/JARVISOL_V1_EXT01_C7_REBASE_HARDENING_EVIDENCE.zip,632666,Diagnostic / Qualification Harness Script,Automated verification test script or test fixture,Keep for regression replay audit or archive with test logs
scratch/JARVISOL_V1_EXT01_C8_1_FINAL_CLEANROOM_EVIDENCE.zip,229518,Diagnostic / Qualification Harness Script,Automated verification test script or test fixture,Keep for regression replay audit or archive with test logs
scratch/JARVISOL_V1_EXT01_C8_1_FINAL_HONESTY_GATE_EVIDENCE.zip,1943709,Diagnostic / Qualification Harness Script,Automated verification test script or test fixture,Keep for regression replay audit or archive with test logs
scratch/JARVISOL_V1_EXT01_C8_1_FREEZE_GATE_EVIDENCE.zip,1268055,Diagnostic / Qualification Harness Script,Automated verification test script or test fixture,Keep for regression replay audit or archive with test logs
scratch/JARVISOL_V1_EXT01_C8_1_MICRO_HARDENING_EVIDENCE.zip,192769,Diagnostic / Qualification Harness Script,Automated verification test script or test fixture,Keep for regression replay audit or archive with test logs
scratch/JARVISOL_V1_EXT01_C8_1_REQUIREMENT_COMPLETION_EVIDENCE.zip,1397396,Diagnostic / Qualification Harness Script,Automated verification test script or test fixture,Keep for regression replay audit or archive with test logs
scratch/JARVISOL_V1_EXT01_HARDWARE_ADVISOR_EVIDENCE.zip,28310,Diagnostic / Qualification Harness Script,Automated verification test script or test fixture,Keep for regression replay audit or archive with test logs
scratch/JARVISOL_V1_EXT02_IMAGE_INSTALLER_PREIMPLEMENTATION_GATE_EVIDENCE.zip,26598,Diagnostic / Qualification Harness Script,Automated verification test script or test fixture,Keep for regression replay audit or archive with test logs
scratch/JARVISOL_V1_EXT02_IMAGE_INSTALLER_PREIMPLEMENTATION_GATE_V2_EVIDENCE.zip,77504,Diagnostic / Qualification Harness Script,Automated verification test script or test fixture,Keep for regression replay audit or archive with test logs
scratch/JARVISOL_V1_EXT02_IMAGE_INSTALLER_PREIMPLEMENTATION_GATE_V2_SANITIZED_EVIDENCE.zip,87453,Diagnostic / Qualification Harness Script,Automated verification test script or test fixture,Keep for regression replay audit or archive with test logs
scratch/last_prompt.json,2190,Diagnostic / Qualification Harness Script,Automated verification test script or test fixture,Keep for regression replay audit or archive with test logs
scratch/launch_servers.vbs,2036,Diagnostic / Qualification Harness Script,Automated verification test script or test fixture,Keep for regression replay audit or archive with test logs
scratch/launch_servers.vbs.metadata.json,185,Diagnostic / Qualification Harness Script,Automated verification test script or test fixture,Keep for regression replay audit or archive with test logs
scratch/LICENSE_deno.txt,1094,Diagnostic / Qualification Harness Script,Automated verification test script or test fixture,Keep for regression replay audit or archive with test logs
scratch/list_all_v1_data.py,477,Diagnostic / Qualification Harness Script,Automated verification test script or test fixture,Keep for regression replay audit or archive with test logs
scratch/list_all_v1_data.py.metadata.json,108,Diagnostic / Qualification Harness Script,Automated verification test script or test fixture,Keep for regression replay audit or archive with test logs
scratch/list_c85_models.py,1268,Diagnostic / Qualification Harness Script,Automated verification test script or test fixture,Keep for regression replay audit or archive with test logs
scratch/list_c85_models.py.metadata.json,187,Diagnostic / Qualification Harness Script,Automated verification test script or test fixture,Keep for regression replay audit or archive with test logs
scratch/list_fiches.py,665,Diagnostic / Qualification Harness Script,Automated verification test script or test fixture,Keep for regression replay audit or archive with test logs
scratch/list_fiches.py.metadata.json,132,Diagnostic / Qualification Harness Script,Automated verification test script or test fixture,Keep for regression replay audit or archive with test logs
scratch/list_gpustack_models.py,655,Diagnostic / Qualification Harness Script,Automated verification test script or test fixture,Keep for regression replay audit or archive with test logs
scratch/list_gpustack_models.py.metadata.json,111,Diagnostic / Qualification Harness Script,Automated verification test script or test fixture,Keep for regression replay audit or archive with test logs
scratch/list_root_files.py,296,Diagnostic / Qualification Harness Script,Automated verification test script or test fixture,Keep for regression replay audit or archive with test logs
scratch/list_root_files.py.metadata.json,170,Diagnostic / Qualification Harness Script,Automated verification test script or test fixture,Keep for regression replay audit or archive with test logs
scratch/list_windows.py,592,Diagnostic / Qualification Harness Script,Automated verification test script or test fixture,Keep for regression replay audit or archive with test logs
scratch/list_windows.py.metadata.json,95,Diagnostic / Qualification Harness Script,Automated verification test script or test fixture,Keep for regression replay audit or archive with test logs
scratch/live_rag_results.txt,2576,Diagnostic / Qualification Harness Script,Automated verification test script or test fixture,Keep for regression replay audit or archive with test logs
scratch/lot002_prompt.txt,20048,Diagnostic / Qualification Harness Script,Automated verification test script or test fixture,Keep for regression replay audit or archive with test logs
scratch/lot_details_all.txt,89178,Diagnostic / Qualification Harness Script,Automated verification test script or test fixture,Keep for regression replay audit or archive with test logs
scratch/make_evidence_zip.py,1158,Diagnostic / Qualification Harness Script,Automated verification test script or test fixture,Keep for regression replay audit or archive with test logs
scratch/make_image_inventory.py,2927,Diagnostic / Qualification Harness Script,Automated verification test script or test fixture,Keep for regression replay audit or archive with test logs
scratch/make_image_inventory.py.metadata.json,150,Diagnostic / Qualification Harness Script,Automated verification test script or test fixture,Keep for regression replay audit or archive with test logs
scratch/make_image_inventory_fast.py,2947,Diagnostic / Qualification Harness Script,Automated verification test script or test fixture,Keep for regression replay audit or archive with test logs
scratch/make_image_inventory_fast.py.metadata.json,152,Diagnostic / Qualification Harness Script,Automated verification test script or test fixture,Keep for regression replay audit or archive with test logs
scratch/make_live_test.py,3272,Diagnostic / Qualification Harness Script,Automated verification test script or test fixture,Keep for regression replay audit or archive with test logs
scratch/make_live_test.py.metadata.json,116,Diagnostic / Qualification Harness Script,Automated verification test script or test fixture,Keep for regression replay audit or archive with test logs
scratch/make_llm07.py,691,Diagnostic / Qualification Harness Script,Automated verification test script or test fixture,Keep for regression replay audit or archive with test logs
scratch/make_llm07.py.metadata.json,122,Diagnostic / Qualification Harness Script,Automated verification test script or test fixture,Keep for regression replay audit or archive with test logs
scratch/match_hf_tree.py,3445,Diagnostic / Qualification Harness Script,Automated verification test script or test fixture,Keep for regression replay audit or archive with test logs
scratch/match_hf_tree.py.metadata.json,151,Diagnostic / Qualification Harness Script,Automated verification test script or test fixture,Keep for regression replay audit or archive with test logs
scratch/mcp_web_audit_test.dart,3641,Diagnostic / Qualification Harness Script,Automated verification test script or test fixture,Keep for regression replay audit or archive with test logs
scratch/mcp_web_audit_test.dart.metadata.json,114,Diagnostic / Qualification Harness Script,Automated verification test script or test fixture,Keep for regression replay audit or archive with test logs
scratch/measure_after.py,4397,Diagnostic / Qualification Harness Script,Automated verification test script or test fixture,Keep for regression replay audit or archive with test logs
scratch/measure_after.py.metadata.json,140,Diagnostic / Qualification Harness Script,Automated verification test script or test fixture,Keep for regression replay audit or archive with test logs
scratch/measure_before.py,1731,Diagnostic / Qualification Harness Script,Automated verification test script or test fixture,Keep for regression replay audit or archive with test logs
scratch/measure_before.py.metadata.json,132,Diagnostic / Qualification Harness Script,Automated verification test script or test fixture,Keep for regression replay audit or archive with test logs
scratch/measure_clamp.py,1377,Diagnostic / Qualification Harness Script,Automated verification test script or test fixture,Keep for regression replay audit or archive with test logs
scratch/memory_server_manager.dart,13576,Diagnostic / Qualification Harness Script,Automated verification test script or test fixture,Keep for regression replay audit or archive with test logs
scratch/memory_server_manager.dart.metadata.json,153,Diagnostic / Qualification Harness Script,Automated verification test script or test fixture,Keep for regression replay audit or archive with test logs
scratch/mock_gmail_calls.jsonl,5556,Diagnostic / Qualification Harness Script,Automated verification test script or test fixture,Keep for regression replay audit or archive with test logs
scratch/mock_gmail_mcp.py,5832,Diagnostic / Qualification Harness Script,Automated verification test script or test fixture,Keep for regression replay audit or archive with test logs
scratch/mock_gmail_mcp.py.metadata.json,168,Diagnostic / Qualification Harness Script,Automated verification test script or test fixture,Keep for regression replay audit or archive with test logs
scratch/monitor_and_test.py,1696,Diagnostic / Qualification Harness Script,Automated verification test script or test fixture,Keep for regression replay audit or archive with test logs
scratch/monitor_and_test.py.metadata.json,145,Diagnostic / Qualification Harness Script,Automated verification test script or test fixture,Keep for regression replay audit or archive with test logs
scratch/package_and_qualify_vague_c.py,9465,Diagnostic / Qualification Harness Script,Automated verification test script or test fixture,Keep for regression replay audit or archive with test logs
scratch/package_and_qualify_vague_c.py.metadata.json,194,Diagnostic / Qualification Harness Script,Automated verification test script or test fixture,Keep for regression replay audit or archive with test logs
scratch/package_and_scan_supplement.py,5647,Diagnostic / Qualification Harness Script,Automated verification test script or test fixture,Keep for regression replay audit or archive with test logs
scratch/package_and_scan_supplement.py.metadata.json,130,Diagnostic / Qualification Harness Script,Automated verification test script or test fixture,Keep for regression replay audit or archive with test logs
scratch/package_and_scan_vbs_fix.py,5707,Diagnostic / Qualification Harness Script,Automated verification test script or test fixture,Keep for regression replay audit or archive with test logs
scratch/package_and_scan_vbs_fix.py.metadata.json,133,Diagnostic / Qualification Harness Script,Automated verification test script or test fixture,Keep for regression replay audit or archive with test logs
scratch/package_cleanroom_zip.py,1208,Diagnostic / Qualification Harness Script,Automated verification test script or test fixture,Keep for regression replay audit or archive with test logs
scratch/package_cleanroom_zip.py.metadata.json,108,Diagnostic / Qualification Harness Script,Automated verification test script or test fixture,Keep for regression replay audit or archive with test logs
scratch/package_closure_evidence.py,11283,Diagnostic / Qualification Harness Script,Automated verification test script or test fixture,Keep for regression replay audit or archive with test logs
scratch/package_closure_evidence.py.metadata.json,153,Diagnostic / Qualification Harness Script,Automated verification test script or test fixture,Keep for regression replay audit or archive with test logs
scratch/package_ext02_evidence.py,1644,Diagnostic / Qualification Harness Script,Automated verification test script or test fixture,Keep for regression replay audit or archive with test logs
scratch/package_ext02_evidence.py.metadata.json,150,Diagnostic / Qualification Harness Script,Automated verification test script or test fixture,Keep for regression replay audit or archive with test logs
scratch/package_ext02_p1_evidence.py,2786,Diagnostic / Qualification Harness Script,Automated verification test script or test fixture,Keep for regression replay audit or archive with test logs
scratch/package_ext02_p1_evidence.py.metadata.json,148,Diagnostic / Qualification Harness Script,Automated verification test script or test fixture,Keep for regression replay audit or archive with test logs
scratch/package_final_evidence.py,6425,Diagnostic / Qualification Harness Script,Automated verification test script or test fixture,Keep for regression replay audit or archive with test logs
scratch/package_final_evidence.py.metadata.json,158,Diagnostic / Qualification Harness Script,Automated verification test script or test fixture,Keep for regression replay audit or archive with test logs
scratch/package_freeze_gate_evidence.py,20641,Diagnostic / Qualification Harness Script,Automated verification test script or test fixture,Keep for regression replay audit or archive with test logs
scratch/package_freeze_gate_evidence.py.metadata.json,227,Diagnostic / Qualification Harness Script,Automated verification test script or test fixture,Keep for regression replay audit or archive with test logs
scratch/PACKAGE_HYGIENE_CLASSIFICATION.csv,2128550,Diagnostic / Qualification Harness Script,Automated verification test script or test fixture,Keep for regression replay audit or archive with test logs
scratch/PACKAGE_HYGIENE_SUMMARY.md,1731,Diagnostic / Qualification Harness Script,Automated verification test script or test fixture,Keep for regression replay audit or archive with test logs
scratch/package_iofinal_evidence.py,3897,Diagnostic / Qualification Harness Script,Automated verification test script or test fixture,Keep for regression replay audit or archive with test logs
scratch/package_iofinal_evidence.py.metadata.json,136,Diagnostic / Qualification Harness Script,Automated verification test script or test fixture,Keep for regression replay audit or archive with test logs
scratch/package_micro_hardening_evidence.py,18705,Diagnostic / Qualification Harness Script,Automated verification test script or test fixture,Keep for regression replay audit or archive with test logs
scratch/package_micro_hardening_evidence.py.metadata.json,200,Diagnostic / Qualification Harness Script,Automated verification test script or test fixture,Keep for regression replay audit or archive with test logs
scratch/package_requirement_completion_evidence.py,1353,Diagnostic / Qualification Harness Script,Automated verification test script or test fixture,Keep for regression replay audit or archive with test logs
scratch/package_requirement_completion_evidence.py.metadata.json,144,Diagnostic / Qualification Harness Script,Automated verification test script or test fixture,Keep for regression replay audit or archive with test logs
scratch/package_supplement_v3.py,2116,Diagnostic / Qualification Harness Script,Automated verification test script or test fixture,Keep for regression replay audit or archive with test logs
scratch/package_supplement_v3.py.metadata.json,135,Diagnostic / Qualification Harness Script,Automated verification test script or test fixture,Keep for regression replay audit or archive with test logs
scratch/package_v1_evidence.py,2206,Diagnostic / Qualification Harness Script,Automated verification test script or test fixture,Keep for regression replay audit or archive with test logs
scratch/package_v1_evidence.py.metadata.json,161,Diagnostic / Qualification Harness Script,Automated verification test script or test fixture,Keep for regression replay audit or archive with test logs
scratch/package_v2_evidence.py,1583,Diagnostic / Qualification Harness Script,Automated verification test script or test fixture,Keep for regression replay audit or archive with test logs
scratch/package_v2_evidence.py.metadata.json,122,Diagnostic / Qualification Harness Script,Automated verification test script or test fixture,Keep for regression replay audit or archive with test logs
scratch/package_v3_evidence.py,2449,Diagnostic / Qualification Harness Script,Automated verification test script or test fixture,Keep for regression replay audit or archive with test logs
scratch/package_v3_evidence.py.metadata.json,136,Diagnostic / Qualification Harness Script,Automated verification test script or test fixture,Keep for regression replay audit or archive with test logs
scratch/parse_gguf_metadata.py,3172,Diagnostic / Qualification Harness Script,Automated verification test script or test fixture,Keep for regression replay audit or archive with test logs
scratch/parse_gguf_metadata.py.metadata.json,120,Diagnostic / Qualification Harness Script,Automated verification test script or test fixture,Keep for regression replay audit or archive with test logs
scratch/patch_debug.py,573,Diagnostic / Qualification Harness Script,Automated verification test script or test fixture,Keep for regression replay audit or archive with test logs
scratch/patch_debug.py.metadata.json,92,Diagnostic / Qualification Harness Script,Automated verification test script or test fixture,Keep for regression replay audit or archive with test logs
scratch/patch_document_chat_widget.py,3752,Diagnostic / Qualification Harness Script,Automated verification test script or test fixture,Keep for regression replay audit or archive with test logs
scratch/patch_document_chat_widget.py.metadata.json,112,Diagnostic / Qualification Harness Script,Automated verification test script or test fixture,Keep for regression replay audit or archive with test logs
scratch/patch_linter.py,1281,Diagnostic / Qualification Harness Script,Automated verification test script or test fixture,Keep for regression replay audit or archive with test logs
scratch/patch_linter.py.metadata.json,97,Diagnostic / Qualification Harness Script,Automated verification test script or test fixture,Keep for regression replay audit or archive with test logs
scratch/patch_mcp_library_dialog.py,7230,Diagnostic / Qualification Harness Script,Automated verification test script or test fixture,Keep for regression replay audit or archive with test logs
scratch/patch_mcp_library_dialog.py.metadata.json,163,Diagnostic / Qualification Harness Script,Automated verification test script or test fixture,Keep for regression replay audit or archive with test logs
scratch/patch_mcp_service.py,10014,Diagnostic / Qualification Harness Script,Automated verification test script or test fixture,Keep for regression replay audit or archive with test logs
scratch/patch_mcp_service.py.metadata.json,120,Diagnostic / Qualification Harness Script,Automated verification test script or test fixture,Keep for regression replay audit or archive with test logs
scratch/patch_model_detection.py,2120,Diagnostic / Qualification Harness Script,Automated verification test script or test fixture,Keep for regression replay audit or archive with test logs
scratch/patch_model_detection.py.metadata.json,142,Diagnostic / Qualification Harness Script,Automated verification test script or test fixture,Keep for regression replay audit or archive with test logs
scratch/patch_runner_cancel.py,968,Diagnostic / Qualification Harness Script,Automated verification test script or test fixture,Keep for regression replay audit or archive with test logs
scratch/patch_runner_cancel.py.metadata.json,128,Diagnostic / Qualification Harness Script,Automated verification test script or test fixture,Keep for regression replay audit or archive with test logs
scratch/patch_selftest.py,961,Diagnostic / Qualification Harness Script,Automated verification test script or test fixture,Keep for regression replay audit or archive with test logs
scratch/patch_selftest.py.metadata.json,96,Diagnostic / Qualification Harness Script,Automated verification test script or test fixture,Keep for regression replay audit or archive with test logs
scratch/phase_e_r_preferences_resilience_test.dart,7666,Diagnostic / Qualification Harness Script,Automated verification test script or test fixture,Keep for regression replay audit or archive with test logs
scratch/phase_e_r_preferences_resilience_test.dart.metadata.json,113,Diagnostic / Qualification Harness Script,Automated verification test script or test fixture,Keep for regression replay audit or archive with test logs
scratch/portability_qualification_suite.py,10871,Diagnostic / Qualification Harness Script,Automated verification test script or test fixture,Keep for regression replay audit or archive with test logs
scratch/portability_qualification_suite.py.metadata.json,187,Diagnostic / Qualification Harness Script,Automated verification test script or test fixture,Keep for regression replay audit or archive with test logs
scratch/portability_test_results.json,1792,Diagnostic / Qualification Harness Script,Automated verification test script or test fixture,Keep for regression replay audit or archive with test logs
scratch/POST-C8.1-FREEZE-DISK-CLEANUP-REPORT.md,8818,Diagnostic / Qualification Harness Script,Automated verification test script or test fixture,Keep for regression replay audit or archive with test logs
scratch/POST-C8.1-FREEZE-DISK-CLEANUP-REPORT.md.metadata.json,126,Diagnostic / Qualification Harness Script,Automated verification test script or test fixture,Keep for regression replay audit or archive with test logs
scratch/POST-C8.1-OLD-CANDIDATE-CLEANUP-REPORT.md,7018,Diagnostic / Qualification Harness Script,Automated verification test script or test fixture,Keep for regression replay audit or archive with test logs
scratch/POST-C8.1-OLD-CANDIDATE-CLEANUP-REPORT.md.metadata.json,128,Diagnostic / Qualification Harness Script,Automated verification test script or test fixture,Keep for regression replay audit or archive with test logs
scratch/PRE-EXT02-C82-SECURITY-REPAIR-REPORT.md,8745,Diagnostic / Qualification Harness Script,Automated verification test script or test fixture,Keep for regression replay audit or archive with test logs
scratch/PRE-EXT02-C82-SECURITY-REPAIR-REPORT.md.metadata.json,157,Diagnostic / Qualification Harness Script,Automated verification test script or test fixture,Keep for regression replay audit or archive with test logs
scratch/PRE-EXT02-SECURITY-PROOF-CLOSURE-REPORT.md,9169,Diagnostic / Qualification Harness Script,Automated verification test script or test fixture,Keep for regression replay audit or archive with test logs
scratch/PRE-EXT02-SECURITY-PROOF-CLOSURE-REPORT.md.metadata.json,172,Diagnostic / Qualification Harness Script,Automated verification test script or test fixture,Keep for regression replay audit or archive with test logs
scratch/PRE-EXT02-SECURITY-SANITIZATION-REPORT.md,12470,Diagnostic / Qualification Harness Script,Automated verification test script or test fixture,Keep for regression replay audit or archive with test logs
scratch/PRE-EXT02-SECURITY-SANITIZATION-REPORT.md.metadata.json,172,Diagnostic / Qualification Harness Script,Automated verification test script or test fixture,Keep for regression replay audit or archive with test logs
scratch/preflight_cleanup_check.py,5945,Diagnostic / Qualification Harness Script,Automated verification test script or test fixture,Keep for regression replay audit or archive with test logs
scratch/preflight_cleanup_check.py.metadata.json,109,Diagnostic / Qualification Harness Script,Automated verification test script or test fixture,Keep for regression replay audit or archive with test logs
scratch/prepare_cleanup_dryrun.py,6673,Diagnostic / Qualification Harness Script,Automated verification test script or test fixture,Keep for regression replay audit or archive with test logs
scratch/prepare_cleanup_dryrun.py.metadata.json,130,Diagnostic / Qualification Harness Script,Automated verification test script or test fixture,Keep for regression replay audit or archive with test logs
scratch/prepare_isolated_runtime_test.py,2756,Diagnostic / Qualification Harness Script,Automated verification test script or test fixture,Keep for regression replay audit or archive with test logs
scratch/prepare_isolated_runtime_test.py.metadata.json,152,Diagnostic / Qualification Harness Script,Automated verification test script or test fixture,Keep for regression replay audit or archive with test logs
scratch/prepare_manifests_and_diffs.py,5539,Diagnostic / Qualification Harness Script,Automated verification test script or test fixture,Keep for regression replay audit or archive with test logs
scratch/prepare_manifests_and_diffs.py.metadata.json,113,Diagnostic / Qualification Harness Script,Automated verification test script or test fixture,Keep for regression replay audit or archive with test logs
scratch/prepare_ocr_fixtures.py,7267,Diagnostic / Qualification Harness Script,Automated verification test script or test fixture,Keep for regression replay audit or archive with test logs
scratch/prepare_ocr_fixtures.py.metadata.json,145,Diagnostic / Qualification Harness Script,Automated verification test script or test fixture,Keep for regression replay audit or archive with test logs
scratch/pre_campaign_preferences_step28114.json,21804,Diagnostic / Qualification Harness Script,Automated verification test script or test fixture,Keep for regression replay audit or archive with test logs
scratch/PRE_EXT02_C82_SECURITY_REPAIR_SHA256.txt,119,Diagnostic / Qualification Harness Script,Automated verification test script or test fixture,Keep for regression replay audit or archive with test logs
scratch/PRE_EXT02_SECURITY_PROOF_CLOSURE_SHA256.txt,412,Diagnostic / Qualification Harness Script,Automated verification test script or test fixture,Keep for regression replay audit or archive with test logs
scratch/print_1_to_76.py,589,Diagnostic / Qualification Harness Script,Automated verification test script or test fixture,Keep for regression replay audit or archive with test logs
scratch/print_1_to_76.py.metadata.json,118,Diagnostic / Qualification Harness Script,Automated verification test script or test fixture,Keep for regression replay audit or archive with test logs
scratch/print_25_gates.py,595,Diagnostic / Qualification Harness Script,Automated verification test script or test fixture,Keep for regression replay audit or archive with test logs
scratch/print_25_gates.py.metadata.json,97,Diagnostic / Qualification Harness Script,Automated verification test script or test fixture,Keep for regression replay audit or archive with test logs
scratch/probe_duckduckgo.py,844,Diagnostic / Qualification Harness Script,Automated verification test script or test fixture,Keep for regression replay audit or archive with test logs
scratch/probe_duckduckgo.py.metadata.json,98,Diagnostic / Qualification Harness Script,Automated verification test script or test fixture,Keep for regression replay audit or archive with test logs
scratch/qualify_phase_e.py,17260,Diagnostic / Qualification Harness Script,Automated verification test script or test fixture,Keep for regression replay audit or archive with test logs
scratch/qualify_phase_e.py.metadata.json,138,Diagnostic / Qualification Harness Script,Automated verification test script or test fixture,Keep for regression replay audit or archive with test logs
scratch/query_civitai.py,2078,Diagnostic / Qualification Harness Script,Automated verification test script or test fixture,Keep for regression replay audit or archive with test logs
scratch/query_civitai.py.metadata.json,118,Diagnostic / Qualification Harness Script,Automated verification test script or test fixture,Keep for regression replay audit or archive with test logs
scratch/raw_flutter_test_log.txt,4654,Diagnostic / Qualification Harness Script,Automated verification test script or test fixture,Keep for regression replay audit or archive with test logs
scratch/raw_flutter_test_log.txt.metadata.json,150,Diagnostic / Qualification Harness Script,Automated verification test script or test fixture,Keep for regression replay audit or archive with test logs
scratch/real_download_flows_production_test.dart,10053,Diagnostic / Qualification Harness Script,Automated verification test script or test fixture,Keep for regression replay audit or archive with test logs
scratch/real_download_flows_production_test.dart.metadata.json,146,Diagnostic / Qualification Harness Script,Automated verification test script or test fixture,Keep for regression replay audit or archive with test logs
scratch/real_download_flows_production_test_v3.dart,10632,Diagnostic / Qualification Harness Script,Automated verification test script or test fixture,Keep for regression replay audit or archive with test logs
scratch/real_download_flows_production_test_v3.dart.metadata.json,187,Diagnostic / Qualification Harness Script,Automated verification test script or test fixture,Keep for regression replay audit or archive with test logs
scratch/referentiel_139_parsed.json,80597,Diagnostic / Qualification Harness Script,Automated verification test script or test fixture,Keep for regression replay audit or archive with test logs
scratch/remote_sources_check.json,3410,Diagnostic / Qualification Harness Script,Automated verification test script or test fixture,Keep for regression replay audit or archive with test logs
scratch/repack_rag_zip.py,7349,Diagnostic / Qualification Harness Script,Automated verification test script or test fixture,Keep for regression replay audit or archive with test logs
scratch/repack_rag_zip.py.metadata.json,137,Diagnostic / Qualification Harness Script,Automated verification test script or test fixture,Keep for regression replay audit or archive with test logs
scratch/REPAIRED_IMAGE_AND_LITERT_HASHES.csv,4033,Diagnostic / Qualification Harness Script,Automated verification test script or test fixture,Keep for regression replay audit or archive with test logs
scratch/repair_c82_corrupted_files.py,3242,Diagnostic / Qualification Harness Script,Automated verification test script or test fixture,Keep for regression replay audit or archive with test logs
scratch/repair_c82_corrupted_files.py.metadata.json,134,Diagnostic / Qualification Harness Script,Automated verification test script or test fixture,Keep for regression replay audit or archive with test logs
scratch/restore_manifest.py.metadata.json,113,Diagnostic / Qualification Harness Script,Automated verification test script or test fixture,Keep for regression replay audit or archive with test logs
scratch/revalidate_app001.py,3649,Diagnostic / Qualification Harness Script,Automated verification test script or test fixture,Keep for regression replay audit or archive with test logs
scratch/revalidate_app001.py.metadata.json,215,Diagnostic / Qualification Harness Script,Automated verification test script or test fixture,Keep for regression replay audit or archive with test logs
scratch/revalidate_mem002.py,8041,Diagnostic / Qualification Harness Script,Automated verification test script or test fixture,Keep for regression replay audit or archive with test logs
scratch/revalidate_mem002.py.metadata.json,178,Diagnostic / Qualification Harness Script,Automated verification test script or test fixture,Keep for regression replay audit or archive with test logs
scratch/revalidate_port001.py,6583,Diagnostic / Qualification Harness Script,Automated verification test script or test fixture,Keep for regression replay audit or archive with test logs
scratch/revalidate_port001.py.metadata.json,190,Diagnostic / Qualification Harness Script,Automated verification test script or test fixture,Keep for regression replay audit or archive with test logs
scratch/revalidate_tray001.py,4436,Diagnostic / Qualification Harness Script,Automated verification test script or test fixture,Keep for regression replay audit or archive with test logs
scratch/revalidate_tray001.py.metadata.json,212,Diagnostic / Qualification Harness Script,Automated verification test script or test fixture,Keep for regression replay audit or archive with test logs
scratch/run_all_corr02_tests.py,23893,Diagnostic / Qualification Harness Script,Automated verification test script or test fixture,Keep for regression replay audit or archive with test logs
scratch/run_all_corr02_tests.py.metadata.json,115,Diagnostic / Qualification Harness Script,Automated verification test script or test fixture,Keep for regression replay audit or archive with test logs
scratch/run_and_save.py,5209,Diagnostic / Qualification Harness Script,Automated verification test script or test fixture,Keep for regression replay audit or archive with test logs
scratch/run_and_save.py.metadata.json,121,Diagnostic / Qualification Harness Script,Automated verification test script or test fixture,Keep for regression replay audit or archive with test logs
scratch/run_camp_asr_001.py,31285,Diagnostic / Qualification Harness Script,Automated verification test script or test fixture,Keep for regression replay audit or archive with test logs
scratch/run_camp_asr_001.py.metadata.json,110,Diagnostic / Qualification Harness Script,Automated verification test script or test fixture,Keep for regression replay audit or archive with test logs
scratch/run_camp_batch_001.py,44879,Diagnostic / Qualification Harness Script,Automated verification test script or test fixture,Keep for regression replay audit or archive with test logs
scratch/run_camp_batch_001.py.metadata.json,115,Diagnostic / Qualification Harness Script,Automated verification test script or test fixture,Keep for regression replay audit or archive with test logs
scratch/run_camp_img_001.py,44593,Diagnostic / Qualification Harness Script,Automated verification test script or test fixture,Keep for regression replay audit or archive with test logs
scratch/run_camp_img_001.py.metadata.json,205,Diagnostic / Qualification Harness Script,Automated verification test script or test fixture,Keep for regression replay audit or archive with test logs
scratch/run_camp_inp_001.py,57965,Diagnostic / Qualification Harness Script,Automated verification test script or test fixture,Keep for regression replay audit or archive with test logs
scratch/run_camp_inp_001.py.metadata.json,237,Diagnostic / Qualification Harness Script,Automated verification test script or test fixture,Keep for regression replay audit or archive with test logs
scratch/run_camp_mcp_001.py,48489,Diagnostic / Qualification Harness Script,Automated verification test script or test fixture,Keep for regression replay audit or archive with test logs
scratch/run_camp_mcp_001.py.metadata.json,150,Diagnostic / Qualification Harness Script,Automated verification test script or test fixture,Keep for regression replay audit or archive with test logs
scratch/run_camp_ocr_001.py,34068,Diagnostic / Qualification Harness Script,Automated verification test script or test fixture,Keep for regression replay audit or archive with test logs
scratch/run_camp_ocr_001.py.metadata.json,146,Diagnostic / Qualification Harness Script,Automated verification test script or test fixture,Keep for regression replay audit or archive with test logs
scratch/run_camp_rag_001.py,62650,Diagnostic / Qualification Harness Script,Automated verification test script or test fixture,Keep for regression replay audit or archive with test logs
scratch/run_camp_rag_001.py.metadata.json,146,Diagnostic / Qualification Harness Script,Automated verification test script or test fixture,Keep for regression replay audit or archive with test logs
scratch/run_camp_srch_001.py,46991,Diagnostic / Qualification Harness Script,Automated verification test script or test fixture,Keep for regression replay audit or archive with test logs
scratch/run_camp_srch_001.py.metadata.json,107,Diagnostic / Qualification Harness Script,Automated verification test script or test fixture,Keep for regression replay audit or archive with test logs
scratch/run_camp_vis_001.py,38680,Diagnostic / Qualification Harness Script,Automated verification test script or test fixture,Keep for regression replay audit or archive with test logs
scratch/run_camp_vis_001.py.metadata.json,133,Diagnostic / Qualification Harness Script,Automated verification test script or test fixture,Keep for regression replay audit or archive with test logs
scratch/run_candidate_verification.py,1951,Diagnostic / Qualification Harness Script,Automated verification test script or test fixture,Keep for regression replay audit or archive with test logs
scratch/run_candidate_verification.py.metadata.json,152,Diagnostic / Qualification Harness Script,Automated verification test script or test fixture,Keep for regression replay audit or archive with test logs
scratch/run_closure_7_current_c7.py,17850,Diagnostic / Qualification Harness Script,Automated verification test script or test fixture,Keep for regression replay audit or archive with test logs
scratch/run_closure_7_current_c7.py.metadata.json,120,Diagnostic / Qualification Harness Script,Automated verification test script or test fixture,Keep for regression replay audit or archive with test logs
scratch/run_complete_p0c.py,29195,Diagnostic / Qualification Harness Script,Automated verification test script or test fixture,Keep for regression replay audit or archive with test logs
scratch/run_complete_p0c.py.metadata.json,155,Diagnostic / Qualification Harness Script,Automated verification test script or test fixture,Keep for regression replay audit or archive with test logs
scratch/run_corr03sup_campaign.py,18821,Diagnostic / Qualification Harness Script,Automated verification test script or test fixture,Keep for regression replay audit or archive with test logs
scratch/run_corr06fix_tests.dart,10627,Diagnostic / Qualification Harness Script,Automated verification test script or test fixture,Keep for regression replay audit or archive with test logs
scratch/run_corr06fix_tests.dart.metadata.json,119,Diagnostic / Qualification Harness Script,Automated verification test script or test fixture,Keep for regression replay audit or archive with test logs
scratch/run_corr06gmail_final_tests.dart,15149,Diagnostic / Qualification Harness Script,Automated verification test script or test fixture,Keep for regression replay audit or archive with test logs
scratch/run_corr06gmail_final_tests.dart.metadata.json,135,Diagnostic / Qualification Harness Script,Automated verification test script or test fixture,Keep for regression replay audit or archive with test logs
scratch/run_freeze_gate_oracles.py,20835,Diagnostic / Qualification Harness Script,Automated verification test script or test fixture,Keep for regression replay audit or archive with test logs
scratch/run_freeze_gate_oracles.py.metadata.json,228,Diagnostic / Qualification Harness Script,Automated verification test script or test fixture,Keep for regression replay audit or archive with test logs
scratch/run_full_qualification_suite.py,13234,Diagnostic / Qualification Harness Script,Automated verification test script or test fixture,Keep for regression replay audit or archive with test logs
scratch/run_full_qualification_suite.py.metadata.json,161,Diagnostic / Qualification Harness Script,Automated verification test script or test fixture,Keep for regression replay audit or archive with test logs
scratch/run_g3_replay_harness.py,57423,Diagnostic / Qualification Harness Script,Automated verification test script or test fixture,Keep for regression replay audit or archive with test logs
scratch/run_g3_replay_harness.py.metadata.json,138,Diagnostic / Qualification Harness Script,Automated verification test script or test fixture,Keep for regression replay audit or archive with test logs
scratch/run_genuine_g3_replay_002.py,55920,Diagnostic / Qualification Harness Script,Automated verification test script or test fixture,Keep for regression replay audit or archive with test logs
scratch/run_genuine_g3_replay_002.py.metadata.json,144,Diagnostic / Qualification Harness Script,Automated verification test script or test fixture,Keep for regression replay audit or archive with test logs
scratch/run_imgr3_tests.py,3430,Diagnostic / Qualification Harness Script,Automated verification test script or test fixture,Keep for regression replay audit or archive with test logs
scratch/run_imgr3_tests.py.metadata.json,164,Diagnostic / Qualification Harness Script,Automated verification test script or test fixture,Keep for regression replay audit or archive with test logs
scratch/run_isolated_oracles.py,6713,Diagnostic / Qualification Harness Script,Automated verification test script or test fixture,Keep for regression replay audit or archive with test logs
scratch/run_isolated_oracles.py.metadata.json,142,Diagnostic / Qualification Harness Script,Automated verification test script or test fixture,Keep for regression replay audit or archive with test logs
scratch/run_live_web_test.dart,3449,Diagnostic / Qualification Harness Script,Automated verification test script or test fixture,Keep for regression replay audit or archive with test logs
scratch/run_live_web_test.dart.metadata.json,134,Diagnostic / Qualification Harness Script,Automated verification test script or test fixture,Keep for regression replay audit or archive with test logs
scratch/run_llm_d.py,4439,Diagnostic / Qualification Harness Script,Automated verification test script or test fixture,Keep for regression replay audit or archive with test logs
scratch/run_llm_d.py.metadata.json,99,Diagnostic / Qualification Harness Script,Automated verification test script or test fixture,Keep for regression replay audit or archive with test logs
scratch/run_llm_e.py,4161,Diagnostic / Qualification Harness Script,Automated verification test script or test fixture,Keep for regression replay audit or archive with test logs
scratch/run_llm_e.py.metadata.json,99,Diagnostic / Qualification Harness Script,Automated verification test script or test fixture,Keep for regression replay audit or archive with test logs
scratch/run_llm_ghi.py,14457,Diagnostic / Qualification Harness Script,Automated verification test script or test fixture,Keep for regression replay audit or archive with test logs
scratch/run_llm_ghi.py.metadata.json,112,Diagnostic / Qualification Harness Script,Automated verification test script or test fixture,Keep for regression replay audit or archive with test logs
scratch/run_mcp_closure.py,12807,Diagnostic / Qualification Harness Script,Automated verification test script or test fixture,Keep for regression replay audit or archive with test logs
scratch/run_mcp_closure.py.metadata.json,179,Diagnostic / Qualification Harness Script,Automated verification test script or test fixture,Keep for regression replay audit or archive with test logs
scratch/run_precheck.py,1615,Diagnostic / Qualification Harness Script,Automated verification test script or test fixture,Keep for regression replay audit or archive with test logs
scratch/run_qualification_test.py,3499,Diagnostic / Qualification Harness Script,Automated verification test script or test fixture,Keep for regression replay audit or archive with test logs
scratch/run_qualification_test.py.metadata.json,129,Diagnostic / Qualification Harness Script,Automated verification test script or test fixture,Keep for regression replay audit or archive with test logs
scratch/run_rag_sup_001.py,18918,Diagnostic / Qualification Harness Script,Automated verification test script or test fixture,Keep for regression replay audit or archive with test logs
scratch/run_rag_sup_001.py.metadata.json,122,Diagnostic / Qualification Harness Script,Automated verification test script or test fixture,Keep for regression replay audit or archive with test logs
scratch/run_replay_suite.py,11987,Diagnostic / Qualification Harness Script,Automated verification test script or test fixture,Keep for regression replay audit or archive with test logs
scratch/run_replay_suite.py.metadata.json,99,Diagnostic / Qualification Harness Script,Automated verification test script or test fixture,Keep for regression replay audit or archive with test logs
scratch/run_section10_tray_smoke.py,4731,Diagnostic / Qualification Harness Script,Automated verification test script or test fixture,Keep for regression replay audit or archive with test logs
scratch/run_section10_tray_smoke.py.metadata.json,117,Diagnostic / Qualification Harness Script,Automated verification test script or test fixture,Keep for regression replay audit or archive with test logs
scratch/run_section5_port_detection.py,5044,Diagnostic / Qualification Harness Script,Automated verification test script or test fixture,Keep for regression replay audit or archive with test logs
scratch/run_section5_port_detection.py.metadata.json,148,Diagnostic / Qualification Harness Script,Automated verification test script or test fixture,Keep for regression replay audit or archive with test logs
scratch/run_section5_smoke.py,7632,Diagnostic / Qualification Harness Script,Automated verification test script or test fixture,Keep for regression replay audit or archive with test logs
scratch/run_section5_smoke.py.metadata.json,107,Diagnostic / Qualification Harness Script,Automated verification test script or test fixture,Keep for regression replay audit or archive with test logs
scratch/run_section6_mem001.py,7221,Diagnostic / Qualification Harness Script,Automated verification test script or test fixture,Keep for regression replay audit or archive with test logs
scratch/run_section6_mem001.py.metadata.json,104,Diagnostic / Qualification Harness Script,Automated verification test script or test fixture,Keep for regression replay audit or archive with test logs
scratch/run_section7_tray_single.py,4201,Diagnostic / Qualification Harness Script,Automated verification test script or test fixture,Keep for regression replay audit or archive with test logs
scratch/run_section7_tray_single.py.metadata.json,108,Diagnostic / Qualification Harness Script,Automated verification test script or test fixture,Keep for regression replay audit or archive with test logs
scratch/run_section8_tray_two_roots.py,3718,Diagnostic / Qualification Harness Script,Automated verification test script or test fixture,Keep for regression replay audit or archive with test logs
scratch/run_section8_tray_two_roots.py.metadata.json,108,Diagnostic / Qualification Harness Script,Automated verification test script or test fixture,Keep for regression replay audit or archive with test logs
scratch/run_section9_vbs.py,6398,Diagnostic / Qualification Harness Script,Automated verification test script or test fixture,Keep for regression replay audit or archive with test logs
scratch/run_section9_vbs.py.metadata.json,112,Diagnostic / Qualification Harness Script,Automated verification test script or test fixture,Keep for regression replay audit or archive with test logs
scratch/run_sonnet46_closure.py,42235,Diagnostic / Qualification Harness Script,Automated verification test script or test fixture,Keep for regression replay audit or archive with test logs
scratch/run_sonnet46_closure.py.metadata.json,497,Diagnostic / Qualification Harness Script,Automated verification test script or test fixture,Keep for regression replay audit or archive with test logs
scratch/run_vbs_e2e_suite.py,11422,Diagnostic / Qualification Harness Script,Automated verification test script or test fixture,Keep for regression replay audit or archive with test logs
scratch/run_vbs_e2e_suite.py.metadata.json,113,Diagnostic / Qualification Harness Script,Automated verification test script or test fixture,Keep for regression replay audit or archive with test logs
scratch/run_vis_f.py,1963,Diagnostic / Qualification Harness Script,Automated verification test script or test fixture,Keep for regression replay audit or archive with test logs
scratch/run_vis_f.py.metadata.json,119,Diagnostic / Qualification Harness Script,Automated verification test script or test fixture,Keep for regression replay audit or archive with test logs
scratch/sanitize_evidence.py,2986,Diagnostic / Qualification Harness Script,Automated verification test script or test fixture,Keep for regression replay audit or archive with test logs
scratch/sanitize_evidence.py.metadata.json,114,Diagnostic / Qualification Harness Script,Automated verification test script or test fixture,Keep for regression replay audit or archive with test logs
scratch/scan_all_t5xxl.py,915,Diagnostic / Qualification Harness Script,Automated verification test script or test fixture,Keep for regression replay audit or archive with test logs
scratch/scan_all_t5xxl.py.metadata.json,117,Diagnostic / Qualification Harness Script,Automated verification test script or test fixture,Keep for regression replay audit or archive with test logs
scratch/scan_c7_candidates.py,4205,Diagnostic / Qualification Harness Script,Automated verification test script or test fixture,Keep for regression replay audit or archive with test logs
scratch/scan_c7_candidates.py.metadata.json,142,Diagnostic / Qualification Harness Script,Automated verification test script or test fixture,Keep for regression replay audit or archive with test logs
scratch/scan_c83_credentials.py,4889,Diagnostic / Qualification Harness Script,Automated verification test script or test fixture,Keep for regression replay audit or archive with test logs
scratch/scan_c83_credentials.py.metadata.json,155,Diagnostic / Qualification Harness Script,Automated verification test script or test fixture,Keep for regression replay audit or archive with test logs
scratch/scan_c83_iofinal_credentials.py,4851,Diagnostic / Qualification Harness Script,Automated verification test script or test fixture,Keep for regression replay audit or archive with test logs
scratch/scan_c83_iofinal_credentials.py.metadata.json,136,Diagnostic / Qualification Harness Script,Automated verification test script or test fixture,Keep for regression replay audit or archive with test logs
scratch/scan_c84_credentials.py,1282,Diagnostic / Qualification Harness Script,Automated verification test script or test fixture,Keep for regression replay audit or archive with test logs
scratch/scan_c84_credentials.py.metadata.json,138,Diagnostic / Qualification Harness Script,Automated verification test script or test fixture,Keep for regression replay audit or archive with test logs
scratch/scan_jarvisol_v1_distribution.py,8244,Diagnostic / Qualification Harness Script,Automated verification test script or test fixture,Keep for regression replay audit or archive with test logs
scratch/scan_jarvisol_v1_distribution.py.metadata.json,117,Diagnostic / Qualification Harness Script,Automated verification test script or test fixture,Keep for regression replay audit or archive with test logs
scratch/scan_jarvisol_v1_distribution_v3.py,14600,Diagnostic / Qualification Harness Script,Automated verification test script or test fixture,Keep for regression replay audit or archive with test logs
scratch/scan_jarvisol_v1_distribution_v3.py.metadata.json,164,Diagnostic / Qualification Harness Script,Automated verification test script or test fixture,Keep for regression replay audit or archive with test logs
scratch/scan_quantizers_t5.py,1793,Diagnostic / Qualification Harness Script,Automated verification test script or test fixture,Keep for regression replay audit or archive with test logs
scratch/scan_quantizers_t5.py.metadata.json,111,Diagnostic / Qualification Harness Script,Automated verification test script or test fixture,Keep for regression replay audit or archive with test logs
scratch/scan_secrets.py,4122,Diagnostic / Qualification Harness Script,Automated verification test script or test fixture,Keep for regression replay audit or archive with test logs
scratch/scan_secrets.py.metadata.json,165,Diagnostic / Qualification Harness Script,Automated verification test script or test fixture,Keep for regression replay audit or archive with test logs
scratch/scan_user_data.py,4326,Diagnostic / Qualification Harness Script,Automated verification test script or test fixture,Keep for regression replay audit or archive with test logs
scratch/scan_user_data.py.metadata.json,193,Diagnostic / Qualification Harness Script,Automated verification test script or test fixture,Keep for regression replay audit or archive with test logs
scratch/scan_v1_leaks.py,1167,Diagnostic / Qualification Harness Script,Automated verification test script or test fixture,Keep for regression replay audit or archive with test logs
scratch/scan_v1_leaks.py.metadata.json,125,Diagnostic / Qualification Harness Script,Automated verification test script or test fixture,Keep for regression replay audit or archive with test logs
scratch/scan_v2_sanitized_zip.py,1282,Diagnostic / Qualification Harness Script,Automated verification test script or test fixture,Keep for regression replay audit or archive with test logs
scratch/scan_v2_sanitized_zip.py.metadata.json,133,Diagnostic / Qualification Harness Script,Automated verification test script or test fixture,Keep for regression replay audit or archive with test logs
scratch/scratch_cleanup.py,4148,Diagnostic / Qualification Harness Script,Automated verification test script or test fixture,Keep for regression replay audit or archive with test logs
scratch/scratch_cleanup.py.metadata.json,212,Diagnostic / Qualification Harness Script,Automated verification test script or test fixture,Keep for regression replay audit or archive with test logs
scratch/scratch_raf_test.dart,450,Diagnostic / Qualification Harness Script,Automated verification test script or test fixture,Keep for regression replay audit or archive with test logs
scratch/scratch_raf_test.dart.metadata.json,109,Diagnostic / Qualification Harness Script,Automated verification test script or test fixture,Keep for regression replay audit or archive with test logs
scratch/search_hf_api.py,1451,Diagnostic / Qualification Harness Script,Automated verification test script or test fixture,Keep for regression replay audit or archive with test logs
scratch/search_hf_api.py.metadata.json,125,Diagnostic / Qualification Harness Script,Automated verification test script or test fixture,Keep for regression replay audit or archive with test logs
scratch/search_missing_gguf.py,2058,Diagnostic / Qualification Harness Script,Automated verification test script or test fixture,Keep for regression replay audit or archive with test logs
scratch/search_missing_gguf.py.metadata.json,106,Diagnostic / Qualification Harness Script,Automated verification test script or test fixture,Keep for regression replay audit or archive with test logs
scratch/search_prefs_keys.py,832,Diagnostic / Qualification Harness Script,Automated verification test script or test fixture,Keep for regression replay audit or archive with test logs
scratch/search_prefs_keys.py.metadata.json,125,Diagnostic / Qualification Harness Script,Automated verification test script or test fixture,Keep for regression replay audit or archive with test logs
scratch/search_root_removed_models.py,1128,Diagnostic / Qualification Harness Script,Automated verification test script or test fixture,Keep for regression replay audit or archive with test logs
scratch/search_root_removed_models.py.metadata.json,132,Diagnostic / Qualification Harness Script,Automated verification test script or test fixture,Keep for regression replay audit or archive with test logs
scratch/search_settings_llm.py,447,Diagnostic / Qualification Harness Script,Automated verification test script or test fixture,Keep for regression replay audit or archive with test logs
scratch/search_settings_llm.py.metadata.json,141,Diagnostic / Qualification Harness Script,Automated verification test script or test fixture,Keep for regression replay audit or archive with test logs
scratch/search_t5_sd15.py,1765,Diagnostic / Qualification Harness Script,Automated verification test script or test fixture,Keep for regression replay audit or archive with test logs
scratch/search_t5_sd15.py.metadata.json,103,Diagnostic / Qualification Harness Script,Automated verification test script or test fixture,Keep for regression replay audit or archive with test logs
scratch/search_transcript_sd.py,577,Diagnostic / Qualification Harness Script,Automated verification test script or test fixture,Keep for regression replay audit or archive with test logs
scratch/search_transcript_sd.py.metadata.json,135,Diagnostic / Qualification Harness Script,Automated verification test script or test fixture,Keep for regression replay audit or archive with test logs
scratch/search_web_patterns.py,1251,Diagnostic / Qualification Harness Script,Automated verification test script or test fixture,Keep for regression replay audit or archive with test logs
scratch/search_web_patterns.py.metadata.json,118,Diagnostic / Qualification Harness Script,Automated verification test script or test fixture,Keep for regression replay audit or archive with test logs
scratch/SECURITY_SECRET_INVENTORY_REDACTED.csv,4561,Diagnostic / Qualification Harness Script,Automated verification test script or test fixture,Keep for regression replay audit or archive with test logs
scratch/setup_cleanroom_c81.py,2158,Diagnostic / Qualification Harness Script,Automated verification test script or test fixture,Keep for regression replay audit or archive with test logs
scratch/setup_cleanroom_c81.py.metadata.json,113,Diagnostic / Qualification Harness Script,Automated verification test script or test fixture,Keep for regression replay audit or archive with test logs
scratch/setup_test_candidate.py,3264,Diagnostic / Qualification Harness Script,Automated verification test script or test fixture,Keep for regression replay audit or archive with test logs
scratch/setup_test_candidate.py.metadata.json,148,Diagnostic / Qualification Harness Script,Automated verification test script or test fixture,Keep for regression replay audit or archive with test logs
scratch/show_audit_diffs.py,841,Diagnostic / Qualification Harness Script,Automated verification test script or test fixture,Keep for regression replay audit or archive with test logs
scratch/show_audit_diffs.py.metadata.json,168,Diagnostic / Qualification Harness Script,Automated verification test script or test fixture,Keep for regression replay audit or archive with test logs
scratch/smoke_draft.dart,801,Diagnostic / Qualification Harness Script,Automated verification test script or test fixture,Keep for regression replay audit or archive with test logs
scratch/smoke_ok.py,52,Diagnostic / Qualification Harness Script,Automated verification test script or test fixture,Keep for regression replay audit or archive with test logs
scratch/smoke_ok.py.metadata.json,121,Diagnostic / Qualification Harness Script,Automated verification test script or test fixture,Keep for regression replay audit or archive with test logs
scratch/step2_manifests_and_diffs.py,6771,Diagnostic / Qualification Harness Script,Automated verification test script or test fixture,Keep for regression replay audit or archive with test logs
scratch/step2_manifests_and_diffs.py.metadata.json,120,Diagnostic / Qualification Harness Script,Automated verification test script or test fixture,Keep for regression replay audit or archive with test logs
scratch/step4_release_assembly.py,4633,Diagnostic / Qualification Harness Script,Automated verification test script or test fixture,Keep for regression replay audit or archive with test logs
scratch/step4_release_assembly.py.metadata.json,155,Diagnostic / Qualification Harness Script,Automated verification test script or test fixture,Keep for regression replay audit or archive with test logs
scratch/step5_fast_oracles.py,12568,Diagnostic / Qualification Harness Script,Automated verification test script or test fixture,Keep for regression replay audit or archive with test logs
scratch/step5_fast_oracles.py.metadata.json,127,Diagnostic / Qualification Harness Script,Automated verification test script or test fixture,Keep for regression replay audit or archive with test logs
scratch/step5_run_isolated_oracles.py,14439,Diagnostic / Qualification Harness Script,Automated verification test script or test fixture,Keep for regression replay audit or archive with test logs
scratch/step5_run_isolated_oracles.py.metadata.json,120,Diagnostic / Qualification Harness Script,Automated verification test script or test fixture,Keep for regression replay audit or archive with test logs
scratch/synthesize_worker.py,3724,Diagnostic / Qualification Harness Script,Automated verification test script or test fixture,Keep for regression replay audit or archive with test logs
scratch/synthesize_worker.py.metadata.json,153,Diagnostic / Qualification Harness Script,Automated verification test script or test fixture,Keep for regression replay audit or archive with test logs
scratch/target_audio_prompt.txt,4359,Diagnostic / Qualification Harness Script,Automated verification test script or test fixture,Keep for regression replay audit or archive with test logs
scratch/target_audio_prompt_full.txt,13285,Diagnostic / Qualification Harness Script,Automated verification test script or test fixture,Keep for regression replay audit or archive with test logs
scratch/target_doc_actions_prompt.txt,13191,Diagnostic / Qualification Harness Script,Automated verification test script or test fixture,Keep for regression replay audit or archive with test logs
scratch/target_llm_prompts_prompt.txt,16239,Diagnostic / Qualification Harness Script,Automated verification test script or test fixture,Keep for regression replay audit or archive with test logs
scratch/target_models_supplement_prompt.txt,4332,Diagnostic / Qualification Harness Script,Automated verification test script or test fixture,Keep for regression replay audit or archive with test logs
scratch/target_models_supplement_prompt_full.txt,8493,Diagnostic / Qualification Harness Script,Automated verification test script or test fixture,Keep for regression replay audit or archive with test logs
scratch/test_adetailer.py,1487,Diagnostic / Qualification Harness Script,Automated verification test script or test fixture,Keep for regression replay audit or archive with test logs
scratch/test_adetailer.py.metadata.json,111,Diagnostic / Qualification Harness Script,Automated verification test script or test fixture,Keep for regression replay audit or archive with test logs
scratch/test_anomalies.py,2139,Diagnostic / Qualification Harness Script,Automated verification test script or test fixture,Keep for regression replay audit or archive with test logs
scratch/test_app001_c82.py,4045,Diagnostic / Qualification Harness Script,Automated verification test script or test fixture,Keep for regression replay audit or archive with test logs
scratch/test_app001_c82.py.metadata.json,128,Diagnostic / Qualification Harness Script,Automated verification test script or test fixture,Keep for regression replay audit or archive with test logs
scratch/test_app001_c83.py,3998,Diagnostic / Qualification Harness Script,Automated verification test script or test fixture,Keep for regression replay audit or archive with test logs
scratch/test_app001_c83.py.metadata.json,127,Diagnostic / Qualification Harness Script,Automated verification test script or test fixture,Keep for regression replay audit or archive with test logs
scratch/test_app001_c83_iofinal.py,4112,Diagnostic / Qualification Harness Script,Automated verification test script or test fixture,Keep for regression replay audit or archive with test logs
scratch/test_app001_c83_iofinal.py.metadata.json,140,Diagnostic / Qualification Harness Script,Automated verification test script or test fixture,Keep for regression replay audit or archive with test logs
scratch/test_app001_c84.py,2064,Diagnostic / Qualification Harness Script,Automated verification test script or test fixture,Keep for regression replay audit or archive with test logs
scratch/test_app001_c84.py.metadata.json,142,Diagnostic / Qualification Harness Script,Automated verification test script or test fixture,Keep for regression replay audit or archive with test logs
scratch/test_app001_c84_closure.py,2764,Diagnostic / Qualification Harness Script,Automated verification test script or test fixture,Keep for regression replay audit or archive with test logs
scratch/test_app001_c84_closure.py.metadata.json,185,Diagnostic / Qualification Harness Script,Automated verification test script or test fixture,Keep for regression replay audit or archive with test logs
scratch/test_app001_c84_p2_closure.py,8116,Diagnostic / Qualification Harness Script,Automated verification test script or test fixture,Keep for regression replay audit or archive with test logs
scratch/test_app001_c84_p2_closure.py.metadata.json,170,Diagnostic / Qualification Harness Script,Automated verification test script or test fixture,Keep for regression replay audit or archive with test logs
scratch/test_app001_c85_p4_nomodels.py,7280,Diagnostic / Qualification Harness Script,Automated verification test script or test fixture,Keep for regression replay audit or archive with test logs
scratch/test_app001_c85_p4_nomodels.py.metadata.json,193,Diagnostic / Qualification Harness Script,Automated verification test script or test fixture,Keep for regression replay audit or archive with test logs
scratch/test_app001_jarvisol_v1.py,5347,Diagnostic / Qualification Harness Script,Automated verification test script or test fixture,Keep for regression replay audit or archive with test logs
scratch/test_app001_jarvisol_v1.py.metadata.json,141,Diagnostic / Qualification Harness Script,Automated verification test script or test fixture,Keep for regression replay audit or archive with test logs
scratch/test_audio_playback.py,1118,Diagnostic / Qualification Harness Script,Automated verification test script or test fixture,Keep for regression replay audit or archive with test logs
scratch/test_audio_playback.py.metadata.json,94,Diagnostic / Qualification Harness Script,Automated verification test script or test fixture,Keep for regression replay audit or archive with test logs
scratch/test_bad_pack.py,4093,Diagnostic / Qualification Harness Script,Automated verification test script or test fixture,Keep for regression replay audit or archive with test logs
scratch/test_bootstrap.py,1548,Diagnostic / Qualification Harness Script,Automated verification test script or test fixture,Keep for regression replay audit or archive with test logs
scratch/test_bootstrap.py.metadata.json,126,Diagnostic / Qualification Harness Script,Automated verification test script or test fixture,Keep for regression replay audit or archive with test logs
scratch/test_chatterbox_voice.gguf,35296,Diagnostic / Qualification Harness Script,Automated verification test script or test fixture,Keep for regression replay audit or archive with test logs
scratch/test_click.py,2015,Diagnostic / Qualification Harness Script,Automated verification test script or test fixture,Keep for regression replay audit or archive with test logs
scratch/test_click.py.metadata.json,115,Diagnostic / Qualification Harness Script,Automated verification test script or test fixture,Keep for regression replay audit or archive with test logs
scratch/test_corr01.py,5291,Diagnostic / Qualification Harness Script,Automated verification test script or test fixture,Keep for regression replay audit or archive with test logs
scratch/test_corr01.py.metadata.json,110,Diagnostic / Qualification Harness Script,Automated verification test script or test fixture,Keep for regression replay audit or archive with test logs
scratch/test_corr02.py,6815,Diagnostic / Qualification Harness Script,Automated verification test script or test fixture,Keep for regression replay audit or archive with test logs
scratch/test_corr02.py.metadata.json,106,Diagnostic / Qualification Harness Script,Automated verification test script or test fixture,Keep for regression replay audit or archive with test logs
scratch/test_corr03.py,4730,Diagnostic / Qualification Harness Script,Automated verification test script or test fixture,Keep for regression replay audit or archive with test logs
scratch/test_corr03.py.metadata.json,106,Diagnostic / Qualification Harness Script,Automated verification test script or test fixture,Keep for regression replay audit or archive with test logs
scratch/test_corr04.py,12230,Diagnostic / Qualification Harness Script,Automated verification test script or test fixture,Keep for regression replay audit or archive with test logs
scratch/test_corr04.py.metadata.json,165,Diagnostic / Qualification Harness Script,Automated verification test script or test fixture,Keep for regression replay audit or archive with test logs
scratch/test_corr07anchor_matrix_test.dart,24124,Diagnostic / Qualification Harness Script,Automated verification test script or test fixture,Keep for regression replay audit or archive with test logs
scratch/test_corr07anchor_matrix_test.dart.metadata.json,126,Diagnostic / Qualification Harness Script,Automated verification test script or test fixture,Keep for regression replay audit or archive with test logs
scratch/test_corr07_verification.dart,23645,Diagnostic / Qualification Harness Script,Automated verification test script or test fixture,Keep for regression replay audit or archive with test logs
scratch/test_corr07_verification.dart.metadata.json,127,Diagnostic / Qualification Harness Script,Automated verification test script or test fixture,Keep for regression replay audit or archive with test logs
scratch/test_cycle.py,2175,Diagnostic / Qualification Harness Script,Automated verification test script or test fixture,Keep for regression replay audit or archive with test logs
scratch/test_cycle.py.metadata.json,115,Diagnostic / Qualification Harness Script,Automated verification test script or test fixture,Keep for regression replay audit or archive with test logs
scratch/test_dart_job.dart,3125,Diagnostic / Qualification Harness Script,Automated verification test script or test fixture,Keep for regression replay audit or archive with test logs
scratch/test_dart_job.dart.metadata.json,111,Diagnostic / Qualification Harness Script,Automated verification test script or test fixture,Keep for regression replay audit or archive with test logs
scratch/test_dedup.py,771,Diagnostic / Qualification Harness Script,Automated verification test script or test fixture,Keep for regression replay audit or archive with test logs
scratch/test_direct_proc.dart,1163,Diagnostic / Qualification Harness Script,Automated verification test script or test fixture,Keep for regression replay audit or archive with test logs
scratch/test_direct_proc.dart.metadata.json,122,Diagnostic / Qualification Harness Script,Automated verification test script or test fixture,Keep for regression replay audit or archive with test logs
scratch/test_downloadable_models_flow.py,6478,Diagnostic / Qualification Harness Script,Automated verification test script or test fixture,Keep for regression replay audit or archive with test logs
scratch/test_downloadable_models_flow.py.metadata.json,216,Diagnostic / Qualification Harness Script,Automated verification test script or test fixture,Keep for regression replay audit or archive with test logs
scratch/test_e2e_r3_fix1.py,4273,Diagnostic / Qualification Harness Script,Automated verification test script or test fixture,Keep for regression replay audit or archive with test logs
scratch/test_e2e_r3_fix1.py.metadata.json,192,Diagnostic / Qualification Harness Script,Automated verification test script or test fixture,Keep for regression replay audit or archive with test logs
scratch/test_embed_font.dart,120920,Diagnostic / Qualification Harness Script,Automated verification test script or test fixture,Keep for regression replay audit or archive with test logs
scratch/test_er10_suite.py,16949,Diagnostic / Qualification Harness Script,Automated verification test script or test fixture,Keep for regression replay audit or archive with test logs
scratch/test_exports.dart,7964,Diagnostic / Qualification Harness Script,Automated verification test script or test fixture,Keep for regression replay audit or archive with test logs
scratch/test_exports.dart.metadata.json,114,Diagnostic / Qualification Harness Script,Automated verification test script or test fixture,Keep for regression replay audit or archive with test logs
scratch/test_ext.py,746,Diagnostic / Qualification Harness Script,Automated verification test script or test fixture,Keep for regression replay audit or archive with test logs
scratch/test_ext.py.metadata.json,109,Diagnostic / Qualification Harness Script,Automated verification test script or test fixture,Keep for regression replay audit or archive with test logs
scratch/test_extract.dart,439,Diagnostic / Qualification Harness Script,Automated verification test script or test fixture,Keep for regression replay audit or archive with test logs
scratch/test_fault_injections.py,2123,Diagnostic / Qualification Harness Script,Automated verification test script or test fixture,Keep for regression replay audit or archive with test logs
scratch/test_fault_injections.py.metadata.json,122,Diagnostic / Qualification Harness Script,Automated verification test script or test fixture,Keep for regression replay audit or archive with test logs
scratch/test_full_vbs.vbs,582,Diagnostic / Qualification Harness Script,Automated verification test script or test fixture,Keep for regression replay audit or archive with test logs
scratch/test_full_vbs.vbs.metadata.json,121,Diagnostic / Qualification Harness Script,Automated verification test script or test fixture,Keep for regression replay audit or archive with test logs
scratch/test_gmail_phase_a.py,3516,Diagnostic / Qualification Harness Script,Automated verification test script or test fixture,Keep for regression replay audit or archive with test logs
scratch/test_gmail_phase_a.py.metadata.json,107,Diagnostic / Qualification Harness Script,Automated verification test script or test fixture,Keep for regression replay audit or archive with test logs
scratch/test_gmail_phase_a_retest.py,4641,Diagnostic / Qualification Harness Script,Automated verification test script or test fixture,Keep for regression replay audit or archive with test logs
scratch/test_gmail_phase_a_retest.py.metadata.json,134,Diagnostic / Qualification Harness Script,Automated verification test script or test fixture,Keep for regression replay audit or archive with test logs
scratch/test_gmail_phase_b.py,2021,Diagnostic / Qualification Harness Script,Automated verification test script or test fixture,Keep for regression replay audit or archive with test logs
scratch/test_gmail_phase_b.py.metadata.json,131,Diagnostic / Qualification Harness Script,Automated verification test script or test fixture,Keep for regression replay audit or archive with test logs
scratch/test_handshake.py,1272,Diagnostic / Qualification Harness Script,Automated verification test script or test fixture,Keep for regression replay audit or archive with test logs
scratch/test_handshake.py.metadata.json,111,Diagnostic / Qualification Harness Script,Automated verification test script or test fixture,Keep for regression replay audit or archive with test logs
scratch/test_harness.py,1573,Diagnostic / Qualification Harness Script,Automated verification test script or test fixture,Keep for regression replay audit or archive with test logs
scratch/test_harness.py.metadata.json,99,Diagnostic / Qualification Harness Script,Automated verification test script or test fixture,Keep for regression replay audit or archive with test logs
scratch/test_inpaint.py,2048,Diagnostic / Qualification Harness Script,Automated verification test script or test fixture,Keep for regression replay audit or archive with test logs
scratch/test_inpaint.py.metadata.json,148,Diagnostic / Qualification Harness Script,Automated verification test script or test fixture,Keep for regression replay audit or archive with test logs
scratch/test_jarvisol_4_flows.py,5207,Diagnostic / Qualification Harness Script,Automated verification test script or test fixture,Keep for regression replay audit or archive with test logs
scratch/test_job_object.py,3135,Diagnostic / Qualification Harness Script,Automated verification test script or test fixture,Keep for regression replay audit or archive with test logs
scratch/test_job_object.py.metadata.json,112,Diagnostic / Qualification Harness Script,Automated verification test script or test fixture,Keep for regression replay audit or archive with test logs
scratch/test_keybd.py,1356,Diagnostic / Qualification Harness Script,Automated verification test script or test fixture,Keep for regression replay audit or archive with test logs
scratch/test_keybd.py.metadata.json,122,Diagnostic / Qualification Harness Script,Automated verification test script or test fixture,Keep for regression replay audit or archive with test logs
scratch/test_litert_boundary.py,5727,Diagnostic / Qualification Harness Script,Automated verification test script or test fixture,Keep for regression replay audit or archive with test logs
scratch/test_litert_boundary.py.metadata.json,217,Diagnostic / Qualification Harness Script,Automated verification test script or test fixture,Keep for regression replay audit or archive with test logs
scratch/test_litert_boundary2.py,3199,Diagnostic / Qualification Harness Script,Automated verification test script or test fixture,Keep for regression replay audit or archive with test logs
scratch/test_live_mcp_gmail.py,808,Diagnostic / Qualification Harness Script,Automated verification test script or test fixture,Keep for regression replay audit or archive with test logs
scratch/test_live_mcp_gmail.py.metadata.json,130,Diagnostic / Qualification Harness Script,Automated verification test script or test fixture,Keep for regression replay audit or archive with test logs
scratch/test_live_server_r3.py,2785,Diagnostic / Qualification Harness Script,Automated verification test script or test fixture,Keep for regression replay audit or archive with test logs
scratch/test_live_server_r3.py.metadata.json,144,Diagnostic / Qualification Harness Script,Automated verification test script or test fixture,Keep for regression replay audit or archive with test logs
scratch/test_local_rag.py,5163,Diagnostic / Qualification Harness Script,Automated verification test script or test fixture,Keep for regression replay audit or archive with test logs
scratch/test_local_rag.py.metadata.json,143,Diagnostic / Qualification Harness Script,Automated verification test script or test fixture,Keep for regression replay audit or archive with test logs
scratch/test_mcp_and_isolation.dart,8970,Diagnostic / Qualification Harness Script,Automated verification test script or test fixture,Keep for regression replay audit or archive with test logs
scratch/test_mcp_and_isolation.dart.metadata.json,158,Diagnostic / Qualification Harness Script,Automated verification test script or test fixture,Keep for regression replay audit or archive with test logs
scratch/test_mock_socket.py,1259,Diagnostic / Qualification Harness Script,Automated verification test script or test fixture,Keep for regression replay audit or archive with test logs
scratch/test_mock_socket.py.metadata.json,102,Diagnostic / Qualification Harness Script,Automated verification test script or test fixture,Keep for regression replay audit or archive with test logs
scratch/test_model_filter.py,4527,Diagnostic / Qualification Harness Script,Automated verification test script or test fixture,Keep for regression replay audit or archive with test logs
scratch/test_model_filter.py.metadata.json,295,Diagnostic / Qualification Harness Script,Automated verification test script or test fixture,Keep for regression replay audit or archive with test logs
scratch/test_multispeaker_e2e.py,4805,Diagnostic / Qualification Harness Script,Automated verification test script or test fixture,Keep for regression replay audit or archive with test logs
scratch/test_multispeaker_e2e.py.metadata.json,129,Diagnostic / Qualification Harness Script,Automated verification test script or test fixture,Keep for regression replay audit or archive with test logs
scratch/test_ocr_font.py,2507,Diagnostic / Qualification Harness Script,Automated verification test script or test fixture,Keep for regression replay audit or archive with test logs
scratch/test_ocr_font.py.metadata.json,122,Diagnostic / Qualification Harness Script,Automated verification test script or test fixture,Keep for regression replay audit or archive with test logs
scratch/test_pdf.dart,928,Diagnostic / Qualification Harness Script,Automated verification test script or test fixture,Keep for regression replay audit or archive with test logs
scratch/test_phase_f_audio_nr.py,10748,Diagnostic / Qualification Harness Script,Automated verification test script or test fixture,Keep for regression replay audit or archive with test logs
scratch/test_portability.py,4664,Diagnostic / Qualification Harness Script,Automated verification test script or test fixture,Keep for regression replay audit or archive with test logs
scratch/test_portability.py.metadata.json,237,Diagnostic / Qualification Harness Script,Automated verification test script or test fixture,Keep for regression replay audit or archive with test logs
scratch/test_qwen3_reference_leak.py,4801,Diagnostic / Qualification Harness Script,Automated verification test script or test fixture,Keep for regression replay audit or archive with test logs
scratch/test_qwen3_reference_leak.py.metadata.json,171,Diagnostic / Qualification Harness Script,Automated verification test script or test fixture,Keep for regression replay audit or archive with test logs
scratch/test_rag_textonly.py,2063,Diagnostic / Qualification Harness Script,Automated verification test script or test fixture,Keep for regression replay audit or archive with test logs
scratch/test_rag_textonly.py.metadata.json,138,Diagnostic / Qualification Harness Script,Automated verification test script or test fixture,Keep for regression replay audit or archive with test logs
scratch/test_real_download_flows.py,5761,Diagnostic / Qualification Harness Script,Automated verification test script or test fixture,Keep for regression replay audit or archive with test logs
scratch/test_real_download_flows.py.metadata.json,117,Diagnostic / Qualification Harness Script,Automated verification test script or test fixture,Keep for regression replay audit or archive with test logs
scratch/test_regex.vbs,986,Diagnostic / Qualification Harness Script,Automated verification test script or test fixture,Keep for regression replay audit or archive with test logs
scratch/test_regex.vbs.metadata.json,113,Diagnostic / Qualification Harness Script,Automated verification test script or test fixture,Keep for regression replay audit or archive with test logs
scratch/test_release_runtime.py,1864,Diagnostic / Qualification Harness Script,Automated verification test script or test fixture,Keep for regression replay audit or archive with test logs
scratch/test_relocatable_py.py,951,Diagnostic / Qualification Harness Script,Automated verification test script or test fixture,Keep for regression replay audit or archive with test logs
scratch/test_relocatable_py.py.metadata.json,124,Diagnostic / Qualification Harness Script,Automated verification test script or test fixture,Keep for regression replay audit or archive with test logs
scratch/test_retry.py,2293,Diagnostic / Qualification Harness Script,Automated verification test script or test fixture,Keep for regression replay audit or archive with test logs
scratch/test_retry.py.metadata.json,134,Diagnostic / Qualification Harness Script,Automated verification test script or test fixture,Keep for regression replay audit or archive with test logs
scratch/test_robust_clamp.py,1289,Diagnostic / Qualification Harness Script,Automated verification test script or test fixture,Keep for regression replay audit or archive with test logs
scratch/test_screenshot.py,1546,Diagnostic / Qualification Harness Script,Automated verification test script or test fixture,Keep for regression replay audit or archive with test logs
scratch/test_screenshot.py.metadata.json,117,Diagnostic / Qualification Harness Script,Automated verification test script or test fixture,Keep for regression replay audit or archive with test logs
scratch/test_sd_cli_loading.py,3196,Diagnostic / Qualification Harness Script,Automated verification test script or test fixture,Keep for regression replay audit or archive with test logs
scratch/test_sd_cli_loading.py.metadata.json,146,Diagnostic / Qualification Harness Script,Automated verification test script or test fixture,Keep for regression replay audit or archive with test logs
scratch/test_single_model.py,2257,Diagnostic / Qualification Harness Script,Automated verification test script or test fixture,Keep for regression replay audit or archive with test logs
scratch/test_single_model.py.metadata.json,127,Diagnostic / Qualification Harness Script,Automated verification test script or test fixture,Keep for regression replay audit or archive with test logs
scratch/test_t2i_sd15.py,2837,Diagnostic / Qualification Harness Script,Automated verification test script or test fixture,Keep for regression replay audit or archive with test logs
scratch/test_t2i_sd15.py.metadata.json,191,Diagnostic / Qualification Harness Script,Automated verification test script or test fixture,Keep for regression replay audit or archive with test logs
scratch/test_tab_autospawn.py,4553,Diagnostic / Qualification Harness Script,Automated verification test script or test fixture,Keep for regression replay audit or archive with test logs
scratch/test_tab_autospawn.py.metadata.json,117,Diagnostic / Qualification Harness Script,Automated verification test script or test fixture,Keep for regression replay audit or archive with test logs
scratch/test_tnr027_suite.py,5204,Diagnostic / Qualification Harness Script,Automated verification test script or test fixture,Keep for regression replay audit or archive with test logs
scratch/test_tnr027_suite.py.metadata.json,118,Diagnostic / Qualification Harness Script,Automated verification test script or test fixture,Keep for regression replay audit or archive with test logs
scratch/test_token_dedup.py,1231,Diagnostic / Qualification Harness Script,Automated verification test script or test fixture,Keep for regression replay audit or archive with test logs
scratch/test_tray_run.py,1464,Diagnostic / Qualification Harness Script,Automated verification test script or test fixture,Keep for regression replay audit or archive with test logs
scratch/test_tray_run.py.metadata.json,98,Diagnostic / Qualification Harness Script,Automated verification test script or test fixture,Keep for regression replay audit or archive with test logs
scratch/test_ui_diag.py,956,Diagnostic / Qualification Harness Script,Automated verification test script or test fixture,Keep for regression replay audit or archive with test logs
scratch/test_ui_diag.py.metadata.json,125,Diagnostic / Qualification Harness Script,Automated verification test script or test fixture,Keep for regression replay audit or archive with test logs
scratch/test_vbs.vbs,1185,Diagnostic / Qualification Harness Script,Automated verification test script or test fixture,Keep for regression replay audit or archive with test logs
scratch/test_vbs.vbs.metadata.json,116,Diagnostic / Qualification Harness Script,Automated verification test script or test fixture,Keep for regression replay audit or archive with test logs
scratch/test_vbs_logic.py,1075,Diagnostic / Qualification Harness Script,Automated verification test script or test fixture,Keep for regression replay audit or archive with test logs
scratch/test_vbs_logic.py.metadata.json,98,Diagnostic / Qualification Harness Script,Automated verification test script or test fixture,Keep for regression replay audit or archive with test logs
scratch/test_virgin_state.py,4802,Diagnostic / Qualification Harness Script,Automated verification test script or test fixture,Keep for regression replay audit or archive with test logs
scratch/test_virgin_state.py.metadata.json,238,Diagnostic / Qualification Harness Script,Automated verification test script or test fixture,Keep for regression replay audit or archive with test logs
scratch/test_vision_fixture.py,1916,Diagnostic / Qualification Harness Script,Automated verification test script or test fixture,Keep for regression replay audit or archive with test logs
scratch/test_vision_fixture.py.metadata.json,157,Diagnostic / Qualification Harness Script,Automated verification test script or test fixture,Keep for regression replay audit or archive with test logs
scratch/test_web_canaries.py,3569,Diagnostic / Qualification Harness Script,Automated verification test script or test fixture,Keep for regression replay audit or archive with test logs
scratch/test_web_canaries.py.metadata.json,140,Diagnostic / Qualification Harness Script,Automated verification test script or test fixture,Keep for regression replay audit or archive with test logs
scratch/test_wm_close.py,2358,Diagnostic / Qualification Harness Script,Automated verification test script or test fixture,Keep for regression replay audit or archive with test logs
scratch/test_wm_close.py.metadata.json,126,Diagnostic / Qualification Harness Script,Automated verification test script or test fixture,Keep for regression replay audit or archive with test logs
scratch/time_netstat.vbs,318,Diagnostic / Qualification Harness Script,Automated verification test script or test fixture,Keep for regression replay audit or archive with test logs
scratch/time_netstat.vbs.metadata.json,102,Diagnostic / Qualification Harness Script,Automated verification test script or test fixture,Keep for regression replay audit or archive with test logs
scratch/tree_matches.json,3599,Diagnostic / Qualification Harness Script,Automated verification test script or test fixture,Keep for regression replay audit or archive with test logs
scratch/true_prompt.txt,23084,Diagnostic / Qualification Harness Script,Automated verification test script or test fixture,Keep for regression replay audit or archive with test logs
scratch/update_evidence_files.py,2850,Diagnostic / Qualification Harness Script,Automated verification test script or test fixture,Keep for regression replay audit or archive with test logs
scratch/update_evidence_files.py.metadata.json,109,Diagnostic / Qualification Harness Script,Automated verification test script or test fixture,Keep for regression replay audit or archive with test logs
scratch/update_runner.py,10535,Diagnostic / Qualification Harness Script,Automated verification test script or test fixture,Keep for regression replay audit or archive with test logs
scratch/update_runner.py.metadata.json,107,Diagnostic / Qualification Harness Script,Automated verification test script or test fixture,Keep for regression replay audit or archive with test logs
scratch/update_runner_q.py,10327,Diagnostic / Qualification Harness Script,Automated verification test script or test fixture,Keep for regression replay audit or archive with test logs
scratch/update_runner_q.py.metadata.json,112,Diagnostic / Qualification Harness Script,Automated verification test script or test fixture,Keep for regression replay audit or archive with test logs
scratch/update_source_manifests.py,5021,Diagnostic / Qualification Harness Script,Automated verification test script or test fixture,Keep for regression replay audit or archive with test logs
scratch/update_source_manifests.py.metadata.json,155,Diagnostic / Qualification Harness Script,Automated verification test script or test fixture,Keep for regression replay audit or archive with test logs
scratch/update_test_script.py,1473,Diagnostic / Qualification Harness Script,Automated verification test script or test fixture,Keep for regression replay audit or archive with test logs
scratch/update_test_script.py.metadata.json,103,Diagnostic / Qualification Harness Script,Automated verification test script or test fixture,Keep for regression replay audit or archive with test logs
scratch/upload_lot002_memory.py,3080,Diagnostic / Qualification Harness Script,Automated verification test script or test fixture,Keep for regression replay audit or archive with test logs
scratch/upload_lot002_memory.py.metadata.json,121,Diagnostic / Qualification Harness Script,Automated verification test script or test fixture,Keep for regression replay audit or archive with test logs
scratch/upload_memories.py,4435,Diagnostic / Qualification Harness Script,Automated verification test script or test fixture,Keep for regression replay audit or archive with test logs
scratch/upload_memories.py.metadata.json,145,Diagnostic / Qualification Harness Script,Automated verification test script or test fixture,Keep for regression replay audit or archive with test logs
scratch/user_prompt_corr06fix.md,4332,Diagnostic / Qualification Harness Script,Automated verification test script or test fixture,Keep for regression replay audit or archive with test logs
scratch/user_prompt_corr06fix.txt,4296,Diagnostic / Qualification Harness Script,Automated verification test script or test fixture,Keep for regression replay audit or archive with test logs
scratch/user_prompt_corr06fix_full.md,15247,Diagnostic / Qualification Harness Script,Automated verification test script or test fixture,Keep for regression replay audit or archive with test logs
scratch/user_prompt_er7.txt,4263,Diagnostic / Qualification Harness Script,Automated verification test script or test fixture,Keep for regression replay audit or archive with test logs
scratch/user_prompt_er7_full.txt,12852,Diagnostic / Qualification Harness Script,Automated verification test script or test fixture,Keep for regression replay audit or archive with test logs
scratch/user_prompt_p2.txt,28581,Diagnostic / Qualification Harness Script,Automated verification test script or test fixture,Keep for regression replay audit or archive with test logs
scratch/user_prompt_v1_1.txt,4296,Diagnostic / Qualification Harness Script,Automated verification test script or test fixture,Keep for regression replay audit or archive with test logs
scratch/user_prompt_v1_1_full.txt,12175,Diagnostic / Qualification Harness Script,Automated verification test script or test fixture,Keep for regression replay audit or archive with test logs
scratch/user_request_5.txt,4344,Diagnostic / Qualification Harness Script,Automated verification test script or test fixture,Keep for regression replay audit or archive with test logs
scratch/user_request_asr002.txt,4330,Diagnostic / Qualification Harness Script,Automated verification test script or test fixture,Keep for regression replay audit or archive with test logs
scratch/user_request_asr002_full.txt,8861,Diagnostic / Qualification Harness Script,Automated verification test script or test fixture,Keep for regression replay audit or archive with test logs
scratch/vbs_backup_dir.txt,82,Diagnostic / Qualification Harness Script,Automated verification test script or test fixture,Keep for regression replay audit or archive with test logs
scratch/verify_13_image_and_3_litert_models.py,5851,Diagnostic / Qualification Harness Script,Automated verification test script or test fixture,Keep for regression replay audit or archive with test logs
scratch/verify_13_image_and_3_litert_models.py.metadata.json,135,Diagnostic / Qualification Harness Script,Automated verification test script or test fixture,Keep for regression replay audit or archive with test logs
scratch/verify_c83_iofinal_models_integrity.py,6385,Diagnostic / Qualification Harness Script,Automated verification test script or test fixture,Keep for regression replay audit or archive with test logs
scratch/verify_c83_iofinal_models_integrity.py.metadata.json,132,Diagnostic / Qualification Harness Script,Automated verification test script or test fixture,Keep for regression replay audit or archive with test logs
scratch/verify_c83_models_integrity.py,6255,Diagnostic / Qualification Harness Script,Automated verification test script or test fixture,Keep for regression replay audit or archive with test logs
scratch/verify_c83_models_integrity.py.metadata.json,148,Diagnostic / Qualification Harness Script,Automated verification test script or test fixture,Keep for regression replay audit or archive with test logs
scratch/verify_cand_815.py,2743,Diagnostic / Qualification Harness Script,Automated verification test script or test fixture,Keep for regression replay audit or archive with test logs
scratch/verify_cand_815.py.metadata.json,135,Diagnostic / Qualification Harness Script,Automated verification test script or test fixture,Keep for regression replay audit or archive with test logs
scratch/verify_canonical_c7.py,5098,Diagnostic / Qualification Harness Script,Automated verification test script or test fixture,Keep for regression replay audit or archive with test logs
scratch/verify_canonical_c7.py.metadata.json,136,Diagnostic / Qualification Harness Script,Automated verification test script or test fixture,Keep for regression replay audit or archive with test logs
scratch/verify_catalog_v2_conformance.py,3102,Diagnostic / Qualification Harness Script,Automated verification test script or test fixture,Keep for regression replay audit or archive with test logs
scratch/verify_catalog_v2_conformance.py.metadata.json,156,Diagnostic / Qualification Harness Script,Automated verification test script or test fixture,Keep for regression replay audit or archive with test logs
scratch/verify_clean_state.py,542,Diagnostic / Qualification Harness Script,Automated verification test script or test fixture,Keep for regression replay audit or archive with test logs
scratch/verify_clean_state.py.metadata.json,110,Diagnostic / Qualification Harness Script,Automated verification test script or test fixture,Keep for regression replay audit or archive with test logs
scratch/verify_docx.py,3228,Diagnostic / Qualification Harness Script,Automated verification test script or test fixture,Keep for regression replay audit or archive with test logs
scratch/verify_docx.py.metadata.json,139,Diagnostic / Qualification Harness Script,Automated verification test script or test fixture,Keep for regression replay audit or archive with test logs
scratch/verify_final_integrity.py,1131,Diagnostic / Qualification Harness Script,Automated verification test script or test fixture,Keep for regression replay audit or archive with test logs
scratch/verify_final_integrity.py.metadata.json,185,Diagnostic / Qualification Harness Script,Automated verification test script or test fixture,Keep for regression replay audit or archive with test logs
scratch/verify_live_host.dart,2653,Diagnostic / Qualification Harness Script,Automated verification test script or test fixture,Keep for regression replay audit or archive with test logs
scratch/verify_live_host.dart.metadata.json,111,Diagnostic / Qualification Harness Script,Automated verification test script or test fixture,Keep for regression replay audit or archive with test logs
scratch/verify_remote_sources.py,7749,Diagnostic / Qualification Harness Script,Automated verification test script or test fixture,Keep for regression replay audit or archive with test logs
scratch/verify_remote_sources.py.metadata.json,173,Diagnostic / Qualification Harness Script,Automated verification test script or test fixture,Keep for regression replay audit or archive with test logs
scratch/verify_remote_sources_v2.py,11869,Diagnostic / Qualification Harness Script,Automated verification test script or test fixture,Keep for regression replay audit or archive with test logs
scratch/verify_remote_sources_v2.py.metadata.json,161,Diagnostic / Qualification Harness Script,Automated verification test script or test fixture,Keep for regression replay audit or archive with test logs
scratch/verify_v1_manifest_vs_security_state.py,4756,Diagnostic / Qualification Harness Script,Automated verification test script or test fixture,Keep for regression replay audit or archive with test logs
scratch/verify_v1_manifest_vs_security_state.py.metadata.json,152,Diagnostic / Qualification Harness Script,Automated verification test script or test fixture,Keep for regression replay audit or archive with test logs
scratch/write_advisor_svc.py,25751,Diagnostic / Qualification Harness Script,Automated verification test script or test fixture,Keep for regression replay audit or archive with test logs
scratch/write_advisor_svc.py.metadata.json,122,Diagnostic / Qualification Harness Script,Automated verification test script or test fixture,Keep for regression replay audit or archive with test logs
scratch/write_cleanroom_tests.py,19724,Diagnostic / Qualification Harness Script,Automated verification test script or test fixture,Keep for regression replay audit or archive with test logs
scratch/write_cleanroom_tests.py.metadata.json,111,Diagnostic / Qualification Harness Script,Automated verification test script or test fixture,Keep for regression replay audit or archive with test logs
scratch/write_clean_screen.py,40446,Diagnostic / Qualification Harness Script,Automated verification test script or test fixture,Keep for regression replay audit or archive with test logs
scratch/write_clean_screen.py.metadata.json,165,Diagnostic / Qualification Harness Script,Automated verification test script or test fixture,Keep for regression replay audit or archive with test logs
scratch/write_dialog.py,16905,Diagnostic / Qualification Harness Script,Automated verification test script or test fixture,Keep for regression replay audit or archive with test logs
scratch/write_dialog_and_tests.py,14156,Diagnostic / Qualification Harness Script,Automated verification test script or test fixture,Keep for regression replay audit or archive with test logs
scratch/write_dialog_and_tests.py.metadata.json,114,Diagnostic / Qualification Harness Script,Automated verification test script or test fixture,Keep for regression replay audit or archive with test logs
scratch/write_image_model_catalog.py,18164,Diagnostic / Qualification Harness Script,Automated verification test script or test fixture,Keep for regression replay audit or archive with test logs
scratch/write_image_model_catalog.py.metadata.json,142,Diagnostic / Qualification Harness Script,Automated verification test script or test fixture,Keep for regression replay audit or archive with test logs
scratch/write_image_model_catalog_service.py,10577,Diagnostic / Qualification Harness Script,Automated verification test script or test fixture,Keep for regression replay audit or archive with test logs
scratch/write_image_model_catalog_service.py.metadata.json,129,Diagnostic / Qualification Harness Script,Automated verification test script or test fixture,Keep for regression replay audit or archive with test logs
scratch/write_image_model_installer_p1_test.py,57355,Diagnostic / Qualification Harness Script,Automated verification test script or test fixture,Keep for regression replay audit or archive with test logs
scratch/write_image_model_installer_p1_test.py.metadata.json,110,Diagnostic / Qualification Harness Script,Automated verification test script or test fixture,Keep for regression replay audit or archive with test logs
scratch/write_image_model_installer_service.py,14595,Diagnostic / Qualification Harness Script,Automated verification test script or test fixture,Keep for regression replay audit or archive with test logs
scratch/write_image_model_installer_service.py.metadata.json,131,Diagnostic / Qualification Harness Script,Automated verification test script or test fixture,Keep for regression replay audit or archive with test logs
scratch/write_image_model_install_planner.py,5512,Diagnostic / Qualification Harness Script,Automated verification test script or test fixture,Keep for regression replay audit or archive with test logs
scratch/write_image_model_install_planner.py.metadata.json,132,Diagnostic / Qualification Harness Script,Automated verification test script or test fixture,Keep for regression replay audit or archive with test logs
scratch/write_report.py,11158,Diagnostic / Qualification Harness Script,Automated verification test script or test fixture,Keep for regression replay audit or archive with test logs
scratch/write_report.py.metadata.json,114,Diagnostic / Qualification Harness Script,Automated verification test script or test fixture,Keep for regression replay audit or archive with test logs
scratch/write_svc.py,26371,Diagnostic / Qualification Harness Script,Automated verification test script or test fixture,Keep for regression replay audit or archive with test logs
scratch/write_tests.py,22555,Diagnostic / Qualification Harness Script,Automated verification test script or test fixture,Keep for regression replay audit or archive with test logs
scratch/write_tests.py.metadata.json,131,Diagnostic / Qualification Harness Script,Automated verification test script or test fixture,Keep for regression replay audit or archive with test logs
scratch/backups_before_sanitization/D_Antigravity_AgentFolder_candidate_release_c82_security_data_Conversations_conv_31f213dd_2026-08-26.txt_20260907_175551.bak,1303182,Diagnostic / Qualification Harness Script,Automated verification test script or test fixture,Keep for regression replay audit or archive with test logs
scratch/backups_before_sanitization/D_Antigravity_AgentFolder_candidate_release_c82_security_data_Conversations_conv_31f213dd_2026-08-27.md_20260907_175551.bak,1410016,Diagnostic / Qualification Harness Script,Automated verification test script or test fixture,Keep for regression replay audit or archive with test logs
scratch/backups_before_sanitization/D_Antigravity_AgentFolder_candidate_release_c82_security_data_Conversations_New2_conv_31f213dd_2026-08-26.txt_20260907_175551.bak,1303182,Diagnostic / Qualification Harness Script,Automated verification test script or test fixture,Keep for regression replay audit or archive with test logs
scratch/backups_before_sanitization/D_Antigravity_AgentFolder_candidate_release_c82_security_data_Conversations_New_conv_31f213dd_2026-08-27.md_20260907_175551.bak,1410016,Diagnostic / Qualification Harness Script,Automated verification test script or test fixture,Keep for regression replay audit or archive with test logs
scratch/backups_before_sanitization/D_Antigravity_AgentFolder_candidate_release_c82_security_data_mcp_servers_gmail_credentials.json,500,Diagnostic / Qualification Harness Script,Automated verification test script or test fixture,Keep for regression replay audit or archive with test logs
scratch/backups_before_sanitization/D_Antigravity_AgentFolder_candidate_release_c82_security_data_preferences.json_20260907_175551.bak,21344,Diagnostic / Qualification Harness Script,Automated verification test script or test fixture,Keep for regression replay audit or archive with test logs
scratch/backups_before_sanitization/D_Antigravity_AgentFolder_candidate_release_c82_security_mcp_servers_gmail_credentials.json,499,Diagnostic / Qualification Harness Script,Automated verification test script or test fixture,Keep for regression replay audit or archive with test logs
scratch/backups_before_sanitization/D_Antigravity_AgentFolder_candidate_release_c82_security_mcp_servers_gmail_gcp-oauth.keys.json,402,Diagnostic / Qualification Harness Script,Automated verification test script or test fixture,Keep for regression replay audit or archive with test logs
scratch/backups_before_sanitization/D_Antigravity_AgentFolder_candidate_release_c82_security_mcp_servers_gmail_LOGIN_GMAIL.bat,362,Diagnostic / Qualification Harness Script,Automated verification test script or test fixture,Keep for regression replay audit or archive with test logs
scratch/backups_before_sanitization/D_Antigravity_AgentFolder_CrisperWeaver_build_windows_x64_runner_Release_data_Conversations_conv_31f213dd_2026-08-26.txt_20260907_175551.bak,1303182,Diagnostic / Qualification Harness Script,Automated verification test script or test fixture,Keep for regression replay audit or archive with test logs
scratch/backups_before_sanitization/D_Antigravity_AgentFolder_CrisperWeaver_build_windows_x64_runner_Release_data_Conversations_conv_31f213dd_2026-08-27.md_20260907_175551.bak,1410016,Diagnostic / Qualification Harness Script,Automated verification test script or test fixture,Keep for regression replay audit or archive with test logs
scratch/backups_before_sanitization/D_Antigravity_AgentFolder_CrisperWeaver_build_windows_x64_runner_Release_data_Conversations_New2_conv_31f213dd_2026-08-26.txt_20260907_175551.bak,1303182,Diagnostic / Qualification Harness Script,Automated verification test script or test fixture,Keep for regression replay audit or archive with test logs
scratch/backups_before_sanitization/D_Antigravity_AgentFolder_CrisperWeaver_build_windows_x64_runner_Release_data_Conversations_New_conv_31f213dd_2026-08-27.md_20260907_175551.bak,1410016,Diagnostic / Qualification Harness Script,Automated verification test script or test fixture,Keep for regression replay audit or archive with test logs
scratch/backups_before_sanitization/D_Antigravity_AgentFolder_CrisperWeaver_build_windows_x64_runner_Release_data_mcp_servers_gmail_credentials.json,500,Diagnostic / Qualification Harness Script,Automated verification test script or test fixture,Keep for regression replay audit or archive with test logs
scratch/backups_before_sanitization/D_Antigravity_AgentFolder_CrisperWeaver_build_windows_x64_runner_Release_data_preferences.json_20260907_175551.bak,21344,Diagnostic / Qualification Harness Script,Automated verification test script or test fixture,Keep for regression replay audit or archive with test logs
scratch/backups_before_sanitization/D_Antigravity_AgentFolder_CrisperWeaver_build_windows_x64_runner_Release_mcp_servers_gmail_credentials.json,499,Diagnostic / Qualification Harness Script,Automated verification test script or test fixture,Keep for regression replay audit or archive with test logs
scratch/backups_before_sanitization/D_Antigravity_AgentFolder_CrisperWeaver_build_windows_x64_runner_Release_mcp_servers_gmail_gcp-oauth.keys.json,402,Diagnostic / Qualification Harness Script,Automated verification test script or test fixture,Keep for regression replay audit or archive with test logs
scratch/backups_before_sanitization/D_Antigravity_AgentFolder_CrisperWeaver_mcp_servers_gmail_credentials.json,500,Diagnostic / Qualification Harness Script,Automated verification test script or test fixture,Keep for regression replay audit or archive with test logs
scratch/backups_before_sanitization/D_Antigravity_AgentFolder_CrisperWeaver_mcp_servers_gmail_gcp-oauth.keys.json,402,Diagnostic / Qualification Harness Script,Automated verification test script or test fixture,Keep for regression replay audit or archive with test logs
scratch/deno_extracted/deno.exe,97316640,Diagnostic / Qualification Harness Script,Automated verification test script or test fixture,Keep for regression replay audit or archive with test logs
scratch/er8_fixtures/A_lente.gguf,8288,Diagnostic / Qualification Harness Script,Automated verification test script or test fixture,Keep for regression replay audit or archive with test logs
scratch/er8_fixtures/A_lente.wav,216044,Diagnostic / Qualification Harness Script,Automated verification test script or test fixture,Keep for regression replay audit or archive with test logs
scratch/er8_fixtures/B_normale.gguf,7776,Diagnostic / Qualification Harness Script,Automated verification test script or test fixture,Keep for regression replay audit or archive with test logs
scratch/er8_fixtures/B_normale.wav,184844,Diagnostic / Qualification Harness Script,Automated verification test script or test fixture,Keep for regression replay audit or archive with test logs
scratch/er8_fixtures/C_rapide_dense.gguf,11296,Diagnostic / Qualification Harness Script,Automated verification test script or test fixture,Keep for regression replay audit or archive with test logs
scratch/er8_fixtures/C_rapide_dense.wav,393644,Diagnostic / Qualification Harness Script,Automated verification test script or test fixture,Keep for regression replay audit or archive with test logs
scratch/er8_fixtures/D_mots_courts.gguf,7648,Diagnostic / Qualification Harness Script,Automated verification test script or test fixture,Keep for regression replay audit or archive with test logs
scratch/er8_fixtures/D_mots_courts.wav,177644,Diagnostic / Qualification Harness Script,Automated verification test script or test fixture,Keep for regression replay audit or archive with test logs
scratch/er8_fixtures/er8_results.json,3228,Diagnostic / Qualification Harness Script,Automated verification test script or test fixture,Keep for regression replay audit or archive with test logs
scratch/er8_fixtures/E_chiffres_ponct.gguf,8448,Diagnostic / Qualification Harness Script,Automated verification test script or test fixture,Keep for regression replay audit or archive with test logs
scratch/er8_fixtures/E_chiffres_ponct.wav,223244,Diagnostic / Qualification Harness Script,Automated verification test script or test fixture,Keep for regression replay audit or archive with test logs
scratch/er8_fixtures/F_francais_dense.gguf,8832,Diagnostic / Qualification Harness Script,Automated verification test script or test fixture,Keep for regression replay audit or archive with test logs
scratch/er8_fixtures/F_francais_dense.wav,247244,Diagnostic / Qualification Harness Script,Automated verification test script or test fixture,Keep for regression replay audit or archive with test logs
scratch/er8_fixtures/G_anglais_rapide.gguf,9024,Diagnostic / Qualification Harness Script,Automated verification test script or test fixture,Keep for regression replay audit or archive with test logs
scratch/er8_fixtures/G_anglais_rapide.wav,258044,Diagnostic / Qualification Harness Script,Automated verification test script or test fixture,Keep for regression replay audit or archive with test logs
scratch/er9_fixtures/controlled_bad_double_paste.gguf,9760,Diagnostic / Qualification Harness Script,Automated verification test script or test fixture,Keep for regression replay audit or archive with test logs
scratch/er9_fixtures/er9_results.json,4955,Diagnostic / Qualification Harness Script,Automated verification test script or test fixture,Keep for regression replay audit or archive with test logs
scratch/er9_fixtures/H_noms_propres.gguf,9824,Diagnostic / Qualification Harness Script,Automated verification test script or test fixture,Keep for regression replay audit or archive with test logs
scratch/er9_fixtures/H_noms_propres.wav,307244,Diagnostic / Qualification Harness Script,Automated verification test script or test fixture,Keep for regression replay audit or archive with test logs
scratch/er9_fixtures/I_sigles_et_listes.gguf,10016,Diagnostic / Qualification Harness Script,Automated verification test script or test fixture,Keep for regression replay audit or archive with test logs
scratch/er9_fixtures/I_sigles_et_listes.wav,316844,Diagnostic / Qualification Harness Script,Automated verification test script or test fixture,Keep for regression replay audit or archive with test logs
scratch/er9_fixtures/J_repetition_legitime.gguf,8544,Diagnostic / Qualification Harness Script,Automated verification test script or test fixture,Keep for regression replay audit or archive with test logs
scratch/er9_fixtures/J_repetition_legitime.wav,230444,Diagnostic / Qualification Harness Script,Automated verification test script or test fixture,Keep for regression replay audit or archive with test logs
scratch/ext02_evidence/EXT02-IMAGE-MODEL-INSTALLER-PREIMPLEMENTATION-GATE-REPORT.md,33670,Diagnostic / Qualification Harness Script,Automated verification test script or test fixture,Keep for regression replay audit or archive with test logs
scratch/ext02_evidence/EXT02-IMAGE-MODEL-INSTALLER-PREIMPLEMENTATION-GATE-REPORT.md.metadata.json,192,Diagnostic / Qualification Harness Script,Automated verification test script or test fixture,Keep for regression replay audit or archive with test logs
scratch/ext02_evidence/EXT02-IMAGE-MODEL-INSTALLER-PREIMPLEMENTATION-GATE-V2-REPORT.md,18816,Diagnostic / Qualification Harness Script,Automated verification test script or test fixture,Keep for regression replay audit or archive with test logs
scratch/ext02_evidence/EXT02-IMAGE-MODEL-INSTALLER-PREIMPLEMENTATION-GATE-V2-REPORT.md.metadata.json,179,Diagnostic / Qualification Harness Script,Automated verification test script or test fixture,Keep for regression replay audit or archive with test logs
scratch/ext02_evidence/EXT02_IMAGE_CATALOG_PREIMPLEMENTATION.csv,4447,Diagnostic / Qualification Harness Script,Automated verification test script or test fixture,Keep for regression replay audit or archive with test logs
scratch/ext02_evidence/EXT02_IMAGE_DEPENDENCY_GRAPH.csv,1094,Diagnostic / Qualification Harness Script,Automated verification test script or test fixture,Keep for regression replay audit or archive with test logs
scratch/ext02_evidence/EXT02_IMAGE_LICENSE_MATRIX.csv,2546,Diagnostic / Qualification Harness Script,Automated verification test script or test fixture,Keep for regression replay audit or archive with test logs
scratch/ext02_evidence/EXT02_IMAGE_LOGICAL_MODELS.csv,1995,Diagnostic / Qualification Harness Script,Automated verification test script or test fixture,Keep for regression replay audit or archive with test logs
scratch/ext02_evidence/EXT02_IMAGE_PHYSICAL_FILES.csv,2669,Diagnostic / Qualification Harness Script,Automated verification test script or test fixture,Keep for regression replay audit or archive with test logs
scratch/ext02_evidence/EXT02_LOCAL_CODE_EVIDENCE.csv,9058,Diagnostic / Qualification Harness Script,Automated verification test script or test fixture,Keep for regression replay audit or archive with test logs
scratch/ext02_evidence/EXT02_REMOTE_ENDPOINT_CHECKS.json,45561,Diagnostic / Qualification Harness Script,Automated verification test script or test fixture,Keep for regression replay audit or archive with test logs
scratch/ext02_evidence/EXT02_REMOTE_ENDPOINT_CHECKS_V2_REPRODUCIBLE.json,29623,Diagnostic / Qualification Harness Script,Automated verification test script or test fixture,Keep for regression replay audit or archive with test logs
scratch/ext02_evidence/EXT02_SOURCE_REGISTRY.csv,10674,Diagnostic / Qualification Harness Script,Automated verification test script or test fixture,Keep for regression replay audit or archive with test logs
scratch/ext02_evidence/generate_preimplementation_gate_data.py,33559,Diagnostic / Qualification Harness Script,Automated verification test script or test fixture,Keep for regression replay audit or archive with test logs
scratch/ext02_evidence/hash_sd_models.py,1309,Diagnostic / Qualification Harness Script,Automated verification test script or test fixture,Keep for regression replay audit or archive with test logs
scratch/ext02_evidence/image_models_hashes.json,3209,Diagnostic / Qualification Harness Script,Automated verification test script or test fixture,Keep for regression replay audit or archive with test logs
scratch/ext02_evidence/verify_remote_sources.py,7749,Diagnostic / Qualification Harness Script,Automated verification test script or test fixture,Keep for regression replay audit or archive with test logs
scratch/ext02_evidence/verify_remote_sources_v2.py,11869,Diagnostic / Qualification Harness Script,Automated verification test script or test fixture,Keep for regression replay audit or archive with test logs
scratch/ext02_evidence/raw_licenses_and_readmes/calcuis__sd3.5-large-turbo_LICENSE,11776,Diagnostic / Qualification Harness Script,Automated verification test script or test fixture,Keep for regression replay audit or archive with test logs
scratch/ext02_evidence/raw_licenses_and_readmes/calcuis__sd3.5-large-turbo_README.md,2320,Diagnostic / Qualification Harness Script,Automated verification test script or test fixture,Keep for regression replay audit or archive with test logs
scratch/ext02_evidence/raw_licenses_and_readmes/city96__FLUX.1-schnell-gguf_README.md,692,Diagnostic / Qualification Harness Script,Automated verification test script or test fixture,Keep for regression replay audit or archive with test logs
scratch/ext02_evidence/raw_licenses_and_readmes/Comfy-Org__stable-diffusion-3.5-fp8_README.md,1283,Diagnostic / Qualification Harness Script,Automated verification test script or test fixture,Keep for regression replay audit or archive with test logs
scratch/ext02_evidence/raw_licenses_and_readmes/comfyanonymous__flux_text_encoders_README.md,254,Diagnostic / Qualification Harness Script,Automated verification test script or test fixture,Keep for regression replay audit or archive with test logs
scratch/ext02_evidence/raw_licenses_and_readmes/gpustack__stable-diffusion-v1-5-inpainting-GGUF_README.md,16065,Diagnostic / Qualification Harness Script,Automated verification test script or test fixture,Keep for regression replay audit or archive with test logs
scratch/ext02_evidence/raw_licenses_and_readmes/Green-Sky__flux.1-schnell-GGUF_README.md,857,Diagnostic / Qualification Harness Script,Automated verification test script or test fixture,Keep for regression replay audit or archive with test logs
scratch/ext02_evidence/raw_licenses_and_readmes/licenses_summary.json,12675,Diagnostic / Qualification Harness Script,Automated verification test script or test fixture,Keep for regression replay audit or archive with test logs
scratch/ext02_evidence/raw_licenses_and_readmes/second-state__stable-diffusion-v1-5-GGUF_README.md,3383,Diagnostic / Qualification Harness Script,Automated verification test script or test fixture,Keep for regression replay audit or archive with test logs
scratch/ext02_evidence/raw_licenses_and_readmes/SG161222__Realistic_Vision_V6.0_B1_noVAE_README.md,4269,Diagnostic / Qualification Harness Script,Automated verification test script or test fixture,Keep for regression replay audit or archive with test logs
scratch/ext02_evidence/raw_licenses_and_readmes/silveroxides__Chroma-GGUF_README.md,3981,Diagnostic / Qualification Harness Script,Automated verification test script or test fixture,Keep for regression replay audit or archive with test logs
scratch/ext02_evidence/raw_licenses_and_readmes/stabilityai__sd-turbo_LICENSE.md,11909,Diagnostic / Qualification Harness Script,Automated verification test script or test fixture,Keep for regression replay audit or archive with test logs
scratch/ext02_evidence/raw_licenses_and_readmes/stabilityai__sd-turbo_README.md,6033,Diagnostic / Qualification Harness Script,Automated verification test script or test fixture,Keep for regression replay audit or archive with test logs
scratch/ext02_evidence/raw_licenses_and_readmes/stabilityai__sd-vae-ft-mse-original_README.md,6435,Diagnostic / Qualification Harness Script,Automated verification test script or test fixture,Keep for regression replay audit or archive with test logs
scratch/security_evidence/C81_VS_C82_PHYSICAL_DIFF_AUDIT.csv,1380,Diagnostic / Qualification Harness Script,Automated verification test script or test fixture,Keep for regression replay audit or archive with test logs
scratch/security_evidence/C82-APP001-RUNTIME-VALIDATION.csv,334,Diagnostic / Qualification Harness Script,Automated verification test script or test fixture,Keep for regression replay audit or archive with test logs
scratch/security_evidence/check_no_credentials.py,3912,Diagnostic / Qualification Harness Script,Automated verification test script or test fixture,Keep for regression replay audit or archive with test logs
scratch/security_evidence/check_no_credentials_output.txt,497,Diagnostic / Qualification Harness Script,Automated verification test script or test fixture,Keep for regression replay audit or archive with test logs
scratch/security_evidence/diff_c81_vs_c82_redacted.patch,1536,Diagnostic / Qualification Harness Script,Automated verification test script or test fixture,Keep for regression replay audit or archive with test logs
scratch/security_evidence/EXT02_REMOTE_ENDPOINT_CHECKS_V2_REPRODUCIBLE.json,29623,Diagnostic / Qualification Harness Script,Automated verification test script or test fixture,Keep for regression replay audit or archive with test logs
scratch/security_evidence/PRE-EXT02-SECURITY-SANITIZATION-REPORT.md,12470,Diagnostic / Qualification Harness Script,Automated verification test script or test fixture,Keep for regression replay audit or archive with test logs
scratch/security_evidence/SECURITY_SECRET_INVENTORY_REDACTED.csv,4561,Diagnostic / Qualification Harness Script,Automated verification test script or test fixture,Keep for regression replay audit or archive with test logs
scratch/security_evidence/verify_remote_sources_v2.py,11869,Diagnostic / Qualification Harness Script,Automated verification test script or test fixture,Keep for regression replay audit or archive with test logs
scratch/test_uv_venv/.gitignore,1,Diagnostic / Qualification Harness Script,Automated verification test script or test fixture,Keep for regression replay audit or archive with test logs
scratch/test_uv_venv/CACHEDIR.TAG,43,Diagnostic / Qualification Harness Script,Automated verification test script or test fixture,Keep for regression replay audit or archive with test logs
scratch/test_uv_venv/pyvenv.cfg,194,Diagnostic / Qualification Harness Script,Automated verification test script or test fixture,Keep for regression replay audit or archive with test logs
scratch/test_uv_venv/Lib/site-packages/_virtualenv.pth,18,Diagnostic / Qualification Harness Script,Automated verification test script or test fixture,Keep for regression replay audit or archive with test logs
scratch/test_uv_venv/Lib/site-packages/_virtualenv.py,5246,Diagnostic / Qualification Harness Script,Automated verification test script or test fixture,Keep for regression replay audit or archive with test logs
scratch/test_uv_venv/Scripts/activate,4122,Diagnostic / Qualification Harness Script,Automated verification test script or test fixture,Keep for regression replay audit or archive with test logs
scratch/test_uv_venv/Scripts/activate.bat,2644,Diagnostic / Qualification Harness Script,Automated verification test script or test fixture,Keep for regression replay audit or archive with test logs
scratch/test_uv_venv/Scripts/activate.fish,4351,Diagnostic / Qualification Harness Script,Automated verification test script or test fixture,Keep for regression replay audit or archive with test logs
scratch/test_uv_venv/Scripts/activate.nu,3952,Diagnostic / Qualification Harness Script,Automated verification test script or test fixture,Keep for regression replay audit or archive with test logs
scratch/test_uv_venv/Scripts/activate.ps1,2768,Diagnostic / Qualification Harness Script,Automated verification test script or test fixture,Keep for regression replay audit or archive with test logs
scratch/test_uv_venv/Scripts/activate.xsh,3843,Diagnostic / Qualification Harness Script,Automated verification test script or test fixture,Keep for regression replay audit or archive with test logs
scratch/test_uv_venv/Scripts/activate_this.py,2378,Diagnostic / Qualification Harness Script,Automated verification test script or test fixture,Keep for regression replay audit or archive with test logs
scratch/test_uv_venv/Scripts/deactivate.bat,1730,Diagnostic / Qualification Harness Script,Automated verification test script or test fixture,Keep for regression replay audit or archive with test logs
scratch/test_uv_venv/Scripts/pydoc.bat,1219,Diagnostic / Qualification Harness Script,Automated verification test script or test fixture,Keep for regression replay audit or archive with test logs
scratch/test_uv_venv/Scripts/python.exe,45568,Diagnostic / Qualification Harness Script,Automated verification test script or test fixture,Keep for regression replay audit or archive with test logs
scratch/test_uv_venv/Scripts/pythonw.exe,45568,Diagnostic / Qualification Harness Script,Automated verification test script or test fixture,Keep for regression replay audit or archive with test logs
scratch/tmp_canaries/canary_results.json,13388,Diagnostic / Qualification Harness Script,Automated verification test script or test fixture,Keep for regression replay audit or archive with test logs
scratch/tmp_canaries/export_conv.json,389,Diagnostic / Qualification Harness Script,Automated verification test script or test fixture,Keep for regression replay audit or archive with test logs
scratch/tmp_canaries/export_conv.md,225,Diagnostic / Qualification Harness Script,Automated verification test script or test fixture,Keep for regression replay audit or archive with test logs
scratch/tmp_canaries/init_img.png,1881,Diagnostic / Qualification Harness Script,Automated verification test script or test fixture,Keep for regression replay audit or archive with test logs
scratch/tmp_canaries/init_mask.png,916,Diagnostic / Qualification Harness Script,Automated verification test script or test fixture,Keep for regression replay audit or archive with test logs
scratch/tmp_canaries/inpaint_result.png,1880,Diagnostic / Qualification Harness Script,Automated verification test script or test fixture,Keep for regression replay audit or archive with test logs
scratch/tmp_canaries/mock_sd.py,310,Diagnostic / Qualification Harness Script,Automated verification test script or test fixture,Keep for regression replay audit or archive with test logs
scratch/tmp_canaries/preferences_corrupt.json,41,Diagnostic / Qualification Harness Script,Automated verification test script or test fixture,Keep for regression replay audit or archive with test logs
scratch/tmp_canaries/aikb_nominal/canary-kb-001.json,359,Diagnostic / Qualification Harness Script,Automated verification test script or test fixture,Keep for regression replay audit or archive with test logs
scratch/tmp_canaries/batch_nominal/default/job-canary-job-001.json,209,Diagnostic / Qualification Harness Script,Automated verification test script or test fixture,Keep for regression replay audit or archive with test logs
scratch/tmp_canaries/clean_conv/.system_generated/logs/transcript.jsonl,202,Diagnostic / Qualification Harness Script,Automated verification test script or test fixture,Keep for regression replay audit or archive with test logs
scratch/tmp_canaries/hist_nominal/canary-hist-001.json,477,Diagnostic / Qualification Harness Script,Automated verification test script or test fixture,Keep for regression replay audit or archive with test logs
scratch/tmp_canaries/prompts_nominal/prompts_library.json,410,Diagnostic / Qualification Harness Script,Automated verification test script or test fixture,Keep for regression replay audit or archive with test logs
scratch/tmp_canaries/ROOT_A/data/preferences.json,81,Diagnostic / Qualification Harness Script,Automated verification test script or test fixture,Keep for regression replay audit or archive with test logs
scratch/tmp_canaries/ROOT_B/data/preferences.json,22,Diagnostic / Qualification Harness Script,Automated verification test script or test fixture,Keep for regression replay audit or archive with test logs
scratch/tmp_corr04/ai_knowledge/rec1.json,107,Diagnostic / Qualification Harness Script,Automated verification test script or test fixture,Keep for regression replay audit or archive with test logs
scratch/tmp_corr04/ai_knowledge/rec2.json.bak_corrupt_20260914_182000,31,Diagnostic / Qualification Harness Script,Automated verification test script or test fixture,Keep for regression replay audit or archive with test logs
scratch/tmp_corr04/batch/default/job-1.json,64,Diagnostic / Qualification Harness Script,Automated verification test script or test fixture,Keep for regression replay audit or archive with test logs
scratch/tmp_corr04/batch/default/job-2.json.bak_corrupt_20260914_182000,19,Diagnostic / Qualification Harness Script,Automated verification test script or test fixture,Keep for regression replay audit or archive with test logs
scratch/tmp_corr04/batch/default/job-3.json,64,Diagnostic / Qualification Harness Script,Automated verification test script or test fixture,Keep for regression replay audit or archive with test logs
scratch/tmp_corr04/conv_test/.system_generated/logs/transcript.jsonl,205,Diagnostic / Qualification Harness Script,Automated verification test script or test fixture,Keep for regression replay audit or archive with test logs
scratch/tmp_corr04/history/entry-1.json,96,Diagnostic / Qualification Harness Script,Automated verification test script or test fixture,Keep for regression replay audit or archive with test logs
scratch/tmp_corr04/history/entry-2.json.bak_corrupt_20260914_182000,25,Diagnostic / Qualification Harness Script,Automated verification test script or test fixture,Keep for regression replay audit or archive with test logs
scratch/tmp_corr04/prompts_library/prompts_library.json,47,Diagnostic / Qualification Harness Script,Automated verification test script or test fixture,Keep for regression replay audit or archive with test logs
scratch/tmp_corr04/prompts_library/prompts_library.json.bak_corrupt_20260914_182000,39,Diagnostic / Qualification Harness Script,Automated verification test script or test fixture,Keep for regression replay audit or archive with test logs
scratch/v1_dist_audit_001/V1DIST-00-C7-PRECHECK.csv,2327,Diagnostic / Qualification Harness Script,Automated verification test script or test fixture,Keep for regression replay audit or archive with test logs
scratch/v1_dist_audit_001/V1DIST-01-HARDWARE-DETECTION.csv,3167,Diagnostic / Qualification Harness Script,Automated verification test script or test fixture,Keep for regression replay audit or archive with test logs
scratch/v1_dist_audit_001/V1DIST-02-AI-CAPABILITY-MAP.csv,2404,Diagnostic / Qualification Harness Script,Automated verification test script or test fixture,Keep for regression replay audit or archive with test logs
scratch/v1_dist_audit_001/V1DIST-03-IMAGE-MODELS.csv,3865,Diagnostic / Qualification Harness Script,Automated verification test script or test fixture,Keep for regression replay audit or archive with test logs
scratch/v1_dist_audit_001/V1DIST-04-IMAGE-FILE-INVENTORY.csv,3405,Diagnostic / Qualification Harness Script,Automated verification test script or test fixture,Keep for regression replay audit or archive with test logs
scratch/v1_dist_audit_001/V1DIST-05-IMAGE-DEPENDENCIES.md,3457,Diagnostic / Qualification Harness Script,Automated verification test script or test fixture,Keep for regression replay audit or archive with test logs
scratch/v1_dist_audit_001/V1DIST-06-LICENSE-SOURCE-AUDIT.csv,2566,Diagnostic / Qualification Harness Script,Automated verification test script or test fixture,Keep for regression replay audit or archive with test logs
scratch/v1_dist_audit_001/V1DIST-07-DOWNLOAD-SOURCES.csv,1687,Diagnostic / Qualification Harness Script,Automated verification test script or test fixture,Keep for regression replay audit or archive with test logs
scratch/v1_dist_audit_001/V1DIST-08-PORTABLE-PATH-MAP.csv,4123,Diagnostic / Qualification Harness Script,Automated verification test script or test fixture,Keep for regression replay audit or archive with test logs
scratch/v1_dist_audit_001/V1DIST-09-STORAGE-SIZING.csv,1069,Diagnostic / Qualification Harness Script,Automated verification test script or test fixture,Keep for regression replay audit or archive with test logs
scratch/v1_dist_audit_001/V1DIST-10-MODEL-HARDWARE-REQUIREMENTS.csv,1621,Diagnostic / Qualification Harness Script,Automated verification test script or test fixture,Keep for regression replay audit or archive with test logs
scratch/v1_dist_audit_001/V1DIST-11-HARDWARE-ADVISOR-SPEC.md,3368,Diagnostic / Qualification Harness Script,Automated verification test script or test fixture,Keep for regression replay audit or archive with test logs
scratch/v1_dist_audit_001/V1DIST-12-FIRST-RUN-UX.md,1871,Diagnostic / Qualification Harness Script,Automated verification test script or test fixture,Keep for regression replay audit or archive with test logs
scratch/v1_dist_audit_001/V1DIST-13-HARDWARE-FINGERPRINT-SPEC.md,1555,Diagnostic / Qualification Harness Script,Automated verification test script or test fixture,Keep for regression replay audit or archive with test logs
scratch/v1_dist_audit_001/V1DIST-14-IMAGE-INSTALLER-UX.md,2073,Diagnostic / Qualification Harness Script,Automated verification test script or test fixture,Keep for regression replay audit or archive with test logs
scratch/v1_dist_audit_001/V1DIST-15-IMAGE-CATALOG-DRAFT.json,6356,Diagnostic / Qualification Harness Script,Automated verification test script or test fixture,Keep for regression replay audit or archive with test logs
scratch/v1_dist_audit_001/V1DIST-16-DOWNLOAD-ENGINE-SPEC.md,1683,Diagnostic / Qualification Harness Script,Automated verification test script or test fixture,Keep for regression replay audit or archive with test logs
scratch/v1_dist_audit_001/V1DIST-17-CODE-IMPACT.csv,1891,Diagnostic / Qualification Harness Script,Automated verification test script or test fixture,Keep for regression replay audit or archive with test logs
scratch/v1_dist_audit_001/V1DIST-18-NONREGRESSION-MAP.csv,1316,Diagnostic / Qualification Harness Script,Automated verification test script or test fixture,Keep for regression replay audit or archive with test logs
scratch/v1_dist_audit_001/V1DIST-19-IMPLEMENTATION-PLAN.md,2841,Diagnostic / Qualification Harness Script,Automated verification test script or test fixture,Keep for regression replay audit or archive with test logs
scratch/v1_dist_audit_001/V1DIST-20-RISKS.csv,2129,Diagnostic / Qualification Harness Script,Automated verification test script or test fixture,Keep for regression replay audit or archive with test logs
scratch/v1_dist_audit_001/V1DIST-FINAL-REPORT.md,6182,Diagnostic / Qualification Harness Script,Automated verification test script or test fixture,Keep for regression replay audit or archive with test logs
scratch/VoiceBakeTest/Program.cs,6453,Diagnostic / Qualification Harness Script,Automated verification test script or test fixture,Keep for regression replay audit or archive with test logs
scratch/VoiceBakeTest/VoiceBakeTest.csproj,463,Diagnostic / Qualification Harness Script,Automated verification test script or test fixture,Keep for regression replay audit or archive with test logs
scratch/VoiceBakeTest/bin/Debug/net9.0-windows/Jarvisol_VoiceBake.dll,91648,Diagnostic / Qualification Harness Script,Automated verification test script or test fixture,Keep for regression replay audit or archive with test logs
scratch/VoiceBakeTest/bin/Debug/net9.0-windows/Jarvisol_VoiceBake.pdb,28200,Diagnostic / Qualification Harness Script,Automated verification test script or test fixture,Keep for regression replay audit or archive with test logs
scratch/VoiceBakeTest/bin/Debug/net9.0-windows/VoiceBakeTest.deps.json,850,Diagnostic / Qualification Harness Script,Automated verification test script or test fixture,Keep for regression replay audit or archive with test logs
scratch/VoiceBakeTest/bin/Debug/net9.0-windows/VoiceBakeTest.dll,11264,Diagnostic / Qualification Harness Script,Automated verification test script or test fixture,Keep for regression replay audit or archive with test logs
scratch/VoiceBakeTest/bin/Debug/net9.0-windows/VoiceBakeTest.exe,156160,Diagnostic / Qualification Harness Script,Automated verification test script or test fixture,Keep for regression replay audit or archive with test logs
scratch/VoiceBakeTest/bin/Debug/net9.0-windows/VoiceBakeTest.pdb,13188,Diagnostic / Qualification Harness Script,Automated verification test script or test fixture,Keep for regression replay audit or archive with test logs
scratch/VoiceBakeTest/bin/Debug/net9.0-windows/VoiceBakeTest.runtimeconfig.json,444,Diagnostic / Qualification Harness Script,Automated verification test script or test fixture,Keep for regression replay audit or archive with test logs
scratch/VoiceBakeTest/obj/project.assets.json,2772,Diagnostic / Qualification Harness Script,Automated verification test script or test fixture,Keep for regression replay audit or archive with test logs
scratch/VoiceBakeTest/obj/project.nuget.cache,274,Diagnostic / Qualification Harness Script,Automated verification test script or test fixture,Keep for regression replay audit or archive with test logs
scratch/VoiceBakeTest/obj/VoiceBakeTest.csproj.nuget.dgspec.json,2911,Diagnostic / Qualification Harness Script,Automated verification test script or test fixture,Keep for regression replay audit or archive with test logs
scratch/VoiceBakeTest/obj/VoiceBakeTest.csproj.nuget.g.props,1303,Diagnostic / Qualification Harness Script,Automated verification test script or test fixture,Keep for regression replay audit or archive with test logs
scratch/VoiceBakeTest/obj/VoiceBakeTest.csproj.nuget.g.targets,150,Diagnostic / Qualification Harness Script,Automated verification test script or test fixture,Keep for regression replay audit or archive with test logs
"scratch/VoiceBakeTest/obj/Debug/net9.0-windows/.NETCoreApp,Version=v9.0.AssemblyAttributes.cs",198,Diagnostic / Qualification Harness Script,Automated verification test script or test fixture,Keep for regression replay audit or archive with test logs
scratch/VoiceBakeTest/obj/Debug/net9.0-windows/apphost.exe,156160,Diagnostic / Qualification Harness Script,Automated verification test script or test fixture,Keep for regression replay audit or archive with test logs
scratch/VoiceBakeTest/obj/Debug/net9.0-windows/VoiceBak.F66D3EA8.Up2Date,0,Diagnostic / Qualification Harness Script,Automated verification test script or test fixture,Keep for regression replay audit or archive with test logs
scratch/VoiceBakeTest/obj/Debug/net9.0-windows/VoiceBakeTest.AssemblyInfo.cs,1132,Diagnostic / Qualification Harness Script,Automated verification test script or test fixture,Keep for regression replay audit or archive with test logs
scratch/VoiceBakeTest/obj/Debug/net9.0-windows/VoiceBakeTest.AssemblyInfoInputs.cache,66,Diagnostic / Qualification Harness Script,Automated verification test script or test fixture,Keep for regression replay audit or archive with test logs
scratch/VoiceBakeTest/obj/Debug/net9.0-windows/VoiceBakeTest.assets.cache,228,Diagnostic / Qualification Harness Script,Automated verification test script or test fixture,Keep for regression replay audit or archive with test logs
scratch/VoiceBakeTest/obj/Debug/net9.0-windows/VoiceBakeTest.csproj.AssemblyReference.cache,1480,Diagnostic / Qualification Harness Script,Automated verification test script or test fixture,Keep for regression replay audit or archive with test logs
scratch/VoiceBakeTest/obj/Debug/net9.0-windows/VoiceBakeTest.csproj.CoreCompileInputs.cache,66,Diagnostic / Qualification Harness Script,Automated verification test script or test fixture,Keep for regression replay audit or archive with test logs
scratch/VoiceBakeTest/obj/Debug/net9.0-windows/VoiceBakeTest.csproj.FileListAbsolute.txt,2786,Diagnostic / Qualification Harness Script,Automated verification test script or test fixture,Keep for regression replay audit or archive with test logs
scratch/VoiceBakeTest/obj/Debug/net9.0-windows/VoiceBakeTest.dll,11264,Diagnostic / Qualification Harness Script,Automated verification test script or test fixture,Keep for regression replay audit or archive with test logs
scratch/VoiceBakeTest/obj/Debug/net9.0-windows/VoiceBakeTest.GeneratedMSBuildEditorConfig.editorconfig,1070,Diagnostic / Qualification Harness Script,Automated verification test script or test fixture,Keep for regression replay audit or archive with test logs
scratch/VoiceBakeTest/obj/Debug/net9.0-windows/VoiceBakeTest.genruntimeconfig.cache,66,Diagnostic / Qualification Harness Script,Automated verification test script or test fixture,Keep for regression replay audit or archive with test logs
scratch/VoiceBakeTest/obj/Debug/net9.0-windows/VoiceBakeTest.pdb,13188,Diagnostic / Qualification Harness Script,Automated verification test script or test fixture,Keep for regression replay audit or archive with test logs
scratch/VoiceBakeTest/obj/Debug/net9.0-windows/ref/VoiceBakeTest.dll,5632,Diagnostic / Qualification Harness Script,Automated verification test script or test fixture,Keep for regression replay audit or archive with test logs
scratch/VoiceBakeTest/obj/Debug/net9.0-windows/refint/VoiceBakeTest.dll,5632,Diagnostic / Qualification Harness Script,Automated verification test script or test fixture,Keep for regression replay audit or archive with test logs
